policy,episode_seed,zone,reference_place,latitude,longitude,episode_hour_start,episode_hour_end,episode_day,hour_of_day,shed_fraction,status,scope,coordinate_source
qmix,0,Greater Accra,Accra,5.556,-0.197,0,1,1,0,0.0,no controlled shedding,"Simulated controlled shedding only. Points represent aggregate zones, not affected premises or feeders. Residual imbalance is not located. Episode times are illustrative, not a real outage forecast.",https://www.geonames.org/advanced-search.html?continentCode=&country=GH&fclass=P&q=
qmix,0,Ashanti,Kumasi,6.688,-1.624,0,1,1,0,0.0,no controlled shedding,"Simulated controlled shedding only. Points represent aggregate zones, not affected premises or feeders. Residual imbalance is not located. Episode times are illustrative, not a real outage forecast.",https://www.geonames.org/advanced-search.html?continentCode=&country=GH&fclass=P&q=
qmix,0,Western,Sekondi-Takoradi,4.927,-1.758,0,1,1,0,0.25,partial zone shedding,"Simulated controlled shedding only. Points represent aggregate zones, not affected premises or feeders. Residual imbalance is not located. Episode times are illustrative, not a real outage forecast.",https://www.geonames.org/advanced-search.html?continentCode=&country=GH&fclass=P&q=
qmix,0,Volta,Ho,6.601,0.471,0,1,1,0,0.0,no controlled shedding,"Simulated controlled shedding only. Points represent aggregate zones, not affected premises or feeders. Residual imbalance is not located. Episode times are illustrative, not a real outage forecast.",https://www.geonames.org/advanced-search.html?continentCode=&country=GH&fclass=P&q=
qmix,0,Northern,Tamale,9.401,-0.839,0,1,1,0,0.0,no controlled shedding,"Simulated controlled shedding only. Points represent aggregate zones, not affected premises or feeders. Residual imbalance is not located. Episode times are illustrative, not a real outage forecast.",https://www.geonames.org/advanced-search.html?continentCode=&country=GH&fclass=P&q=
qmix,0,Greater Accra,Accra,5.556,-0.197,1,2,1,1,0.0,no controlled shedding,"Simulated controlled shedding only. Points represent aggregate zones, not affected premises or feeders. Residual imbalance is not located. Episode times are illustrative, not a real outage forecast.",https://www.geonames.org/advanced-search.html?continentCode=&country=GH&fclass=P&q=
qmix,0,Ashanti,Kumasi,6.688,-1.624,1,2,1,1,0.5,partial zone shedding,"Simulated controlled shedding only. Points represent aggregate zones, not affected premises or feeders. Residual imbalance is not located. Episode times are illustrative, not a real outage forecast.",https://www.geonames.org/advanced-search.html?continentCode=&country=GH&fclass=P&q=
qmix,0,Western,Sekondi-Takoradi,4.927,-1.758,1,2,1,1,0.25,partial zone shedding,"Simulated controlled shedding only. Points represent aggregate zones, not affected premises or feeders. Residual imbalance is not located. Episode times are illustrative, not a real outage forecast.",https://www.geonames.org/advanced-search.html?continentCode=&country=GH&fclass=P&q=
qmix,0,Volta,Ho,6.601,0.471,1,2,1,1,0.0,no controlled shedding,"Simulated controlled shedding only. Points represent aggregate zones, not affected premises or feeders. Residual imbalance is not located. Episode times are illustrative, not a real outage forecast.",https://www.geonames.org/advanced-search.html?continentCode=&country=GH&fclass=P&q=
qmix,0,Northern,Tamale,9.401,-0.839,1,2,1,1,0.25,partial zone shedding,"Simulated controlled shedding only. Points represent aggregate zones, not affected premises or feeders. Residual imbalance is not located. Episode times are illustrative, not a real outage forecast.",https://www.geonames.org/advanced-search.html?continentCode=&country=GH&fclass=P&q=
qmix,0,Greater Accra,Accra,5.556,-0.197,2,3,1,2,0.0,no controlled shedding,"Simulated controlled shedding only. Points represent aggregate zones, not affected premises or feeders. Residual imbalance is not located. Episode times are illustrative, not a real outage forecast.",https://www.geonames.org/advanced-search.html?continentCode=&country=GH&fclass=P&q=
qmix,0,Ashanti,Kumasi,6.688,-1.624,2,3,1,2,0.0,no controlled shedding,"Simulated controlled shedding only. Points represent aggregate zones, not affected premises or feeders. Residual imbalance is not located. Episode times are illustrative, not a real outage forecast.",https://www.geonames.org/advanced-search.html?continentCode=&country=GH&fclass=P&q=
qmix,0,Western,Sekondi-Takoradi,4.927,-1.758,2,3,1,2,0.25,partial zone shedding,"Simulated controlled shedding only. Points represent aggregate zones, not affected premises or feeders. Residual imbalance is not located. Episode times are illustrative, not a real outage forecast.",https://www.geonames.org/advanced-search.html?continentCode=&country=GH&fclass=P&q=
qmix,0,Volta,Ho,6.601,0.471,2,3,1,2,0.25,partial zone shedding,"Simulated controlled shedding only. Points represent aggregate zones, not affected premises or feeders. Residual imbalance is not located. Episode times are illustrative, not a real outage forecast.",https://www.geonames.org/advanced-search.html?continentCode=&country=GH&fclass=P&q=
qmix,0,Northern,Tamale,9.401,-0.839,2,3,1,2,0.25,partial zone shedding,"Simulated controlled shedding only. Points represent aggregate zones, not affected premises or feeders. Residual imbalance is not located. Episode times are illustrative, not a real outage forecast.",https://www.geonames.org/advanced-search.html?continentCode=&country=GH&fclass=P&q=
qmix,0,Greater Accra,Accra,5.556,-0.197,3,4,1,3,0.25,partial zone shedding,"Simulated controlled shedding only. Points represent aggregate zones, not affected premises or feeders. Residual imbalance is not located. Episode times are illustrative, not a real outage forecast.",https://www.geonames.org/advanced-search.html?continentCode=&country=GH&fclass=P&q=
qmix,0,Ashanti,Kumasi,6.688,-1.624,3,4,1,3,0.25,partial zone shedding,"Simulated controlled shedding only. Points represent aggregate zones, not affected premises or feeders. Residual imbalance is not located. Episode times are illustrative, not a real outage forecast.",https://www.geonames.org/advanced-search.html?continentCode=&country=GH&fclass=P&q=
qmix,0,Western,Sekondi-Takoradi,4.927,-1.758,3,4,1,3,0.25,partial zone shedding,"Simulated controlled shedding only. Points represent aggregate zones, not affected premises or feeders. Residual imbalance is not located. Episode times are illustrative, not a real outage forecast.",https://www.geonames.org/advanced-search.html?continentCode=&country=GH&fclass=P&q=
qmix,0,Volta,Ho,6.601,0.471,3,4,1,3,0.25,partial zone shedding,"Simulated controlled shedding only. Points represent aggregate zones, not affected premises or feeders. Residual imbalance is not located. Episode times are illustrative, not a real outage forecast.",https://www.geonames.org/advanced-search.html?continentCode=&country=GH&fclass=P&q=
qmix,0,Northern,Tamale,9.401,-0.839,3,4,1,3,0.25,partial zone shedding,"Simulated controlled shedding only. Points represent aggregate zones, not affected premises or feeders. Residual imbalance is not located. Episode times are illustrative, not a real outage forecast.",https://www.geonames.org/advanced-search.html?continentCode=&country=GH&fclass=P&q=
qmix,0,Greater Accra,Accra,5.556,-0.197,4,5,1,4,0.25,partial zone shedding,"Simulated controlled shedding only. Points represent aggregate zones, not affected premises or feeders. Residual imbalance is not located. Episode times are illustrative, not a real outage forecast.",https://www.geonames.org/advanced-search.html?continentCode=&country=GH&fclass=P&q=
qmix,0,Ashanti,Kumasi,6.688,-1.624,4,5,1,4,0.25,partial zone shedding,"Simulated controlled shedding only. Points represent aggregate zones, not affected premises or feeders. Residual imbalance is not located. Episode times are illustrative, not a real outage forecast.",https://www.geonames.org/advanced-search.html?continentCode=&country=GH&fclass=P&q=
qmix,0,Western,Sekondi-Takoradi,4.927,-1.758,4,5,1,4,0.25,partial zone shedding,"Simulated controlled shedding only. Points represent aggregate zones, not affected premises or feeders. Residual imbalance is not located. Episode times are illustrative, not a real outage forecast.",https://www.geonames.org/advanced-search.html?continentCode=&country=GH&fclass=P&q=
qmix,0,Volta,Ho,6.601,0.471,4,5,1,4,0.25,partial zone shedding,"Simulated controlled shedding only. Points represent aggregate zones, not affected premises or feeders. Residual imbalance is not located. Episode times are illustrative, not a real outage forecast.",https://www.geonames.org/advanced-search.html?continentCode=&country=GH&fclass=P&q=
qmix,0,Northern,Tamale,9.401,-0.839,4,5,1,4,0.25,partial zone shedding,"Simulated controlled shedding only. Points represent aggregate zones, not affected premises or feeders. Residual imbalance is not located. Episode times are illustrative, not a real outage forecast.",https://www.geonames.org/advanced-search.html?continentCode=&country=GH&fclass=P&q=
qmix,0,Greater Accra,Accra,5.556,-0.197,5,6,1,5,0.0,no controlled shedding,"Simulated controlled shedding only. Points represent aggregate zones, not affected premises or feeders. Residual imbalance is not located. Episode times are illustrative, not a real outage forecast.",https://www.geonames.org/advanced-search.html?continentCode=&country=GH&fclass=P&q=
qmix,0,Ashanti,Kumasi,6.688,-1.624,5,6,1,5,0.25,partial zone shedding,"Simulated controlled shedding only. Points represent aggregate zones, not affected premises or feeders. Residual imbalance is not located. Episode times are illustrative, not a real outage forecast.",https://www.geonames.org/advanced-search.html?continentCode=&country=GH&fclass=P&q=
qmix,0,Western,Sekondi-Takoradi,4.927,-1.758,5,6,1,5,0.25,partial zone shedding,"Simulated controlled shedding only. Points represent aggregate zones, not affected premises or feeders. Residual imbalance is not located. Episode times are illustrative, not a real outage forecast.",https://www.geonames.org/advanced-search.html?continentCode=&country=GH&fclass=P&q=
qmix,0,Volta,Ho,6.601,0.471,5,6,1,5,0.25,partial zone shedding,"Simulated controlled shedding only. Points represent aggregate zones, not affected premises or feeders. Residual imbalance is not located. Episode times are illustrative, not a real outage forecast.",https://www.geonames.org/advanced-search.html?continentCode=&country=GH&fclass=P&q=
qmix,0,Northern,Tamale,9.401,-0.839,5,6,1,5,0.25,partial zone shedding,"Simulated controlled shedding only. Points represent aggregate zones, not affected premises or feeders. Residual imbalance is not located. Episode times are illustrative, not a real outage forecast.",https://www.geonames.org/advanced-search.html?continentCode=&country=GH&fclass=P&q=
qmix,0,Greater Accra,Accra,5.556,-0.197,6,7,1,6,0.25,partial zone shedding,"Simulated controlled shedding only. Points represent aggregate zones, not affected premises or feeders. Residual imbalance is not located. Episode times are illustrative, not a real outage forecast.",https://www.geonames.org/advanced-search.html?continentCode=&country=GH&fclass=P&q=
qmix,0,Ashanti,Kumasi,6.688,-1.624,6,7,1,6,0.25,partial zone shedding,"Simulated controlled shedding only. Points represent aggregate zones, not affected premises or feeders. Residual imbalance is not located. Episode times are illustrative, not a real outage forecast.",https://www.geonames.org/advanced-search.html?continentCode=&country=GH&fclass=P&q=
qmix,0,Western,Sekondi-Takoradi,4.927,-1.758,6,7,1,6,0.25,partial zone shedding,"Simulated controlled shedding only. Points represent aggregate zones, not affected premises or feeders. Residual imbalance is not located. Episode times are illustrative, not a real outage forecast.",https://www.geonames.org/advanced-search.html?continentCode=&country=GH&fclass=P&q=
qmix,0,Volta,Ho,6.601,0.471,6,7,1,6,0.25,partial zone shedding,"Simulated controlled shedding only. Points represent aggregate zones, not affected premises or feeders. Residual imbalance is not located. Episode times are illustrative, not a real outage forecast.",https://www.geonames.org/advanced-search.html?continentCode=&country=GH&fclass=P&q=
qmix,0,Northern,Tamale,9.401,-0.839,6,7,1,6,0.25,partial zone shedding,"Simulated controlled shedding only. Points represent aggregate zones, not affected premises or feeders. Residual imbalance is not located. Episode times are illustrative, not a real outage forecast.",https://www.geonames.org/advanced-search.html?continentCode=&country=GH&fclass=P&q=
qmix,0,Greater Accra,Accra,5.556,-0.197,7,8,1,7,0.25,partial zone shedding,"Simulated controlled shedding only. Points represent aggregate zones, not affected premises or feeders. Residual imbalance is not located. Episode times are illustrative, not a real outage forecast.",https://www.geonames.org/advanced-search.html?continentCode=&country=GH&fclass=P&q=
qmix,0,Ashanti,Kumasi,6.688,-1.624,7,8,1,7,0.25,partial zone shedding,"Simulated controlled shedding only. Points represent aggregate zones, not affected premises or feeders. Residual imbalance is not located. Episode times are illustrative, not a real outage forecast.",https://www.geonames.org/advanced-search.html?continentCode=&country=GH&fclass=P&q=
qmix,0,Western,Sekondi-Takoradi,4.927,-1.758,7,8,1,7,0.25,partial zone shedding,"Simulated controlled shedding only. Points represent aggregate zones, not affected premises or feeders. Residual imbalance is not located. Episode times are illustrative, not a real outage forecast.",https://www.geonames.org/advanced-search.html?continentCode=&country=GH&fclass=P&q=
qmix,0,Volta,Ho,6.601,0.471,7,8,1,7,0.5,partial zone shedding,"Simulated controlled shedding only. Points represent aggregate zones, not affected premises or feeders. Residual imbalance is not located. Episode times are illustrative, not a real outage forecast.",https://www.geonames.org/advanced-search.html?continentCode=&country=GH&fclass=P&q=
qmix,0,Northern,Tamale,9.401,-0.839,7,8,1,7,0.25,partial zone shedding,"Simulated controlled shedding only. Points represent aggregate zones, not affected premises or feeders. Residual imbalance is not located. Episode times are illustrative, not a real outage forecast.",https://www.geonames.org/advanced-search.html?continentCode=&country=GH&fclass=P&q=
qmix,0,Greater Accra,Accra,5.556,-0.197,8,9,1,8,0.25,partial zone shedding,"Simulated controlled shedding only. Points represent aggregate zones, not affected premises or feeders. Residual imbalance is not located. Episode times are illustrative, not a real outage forecast.",https://www.geonames.org/advanced-search.html?continentCode=&country=GH&fclass=P&q=
qmix,0,Ashanti,Kumasi,6.688,-1.624,8,9,1,8,0.5,partial zone shedding,"Simulated controlled shedding only. Points represent aggregate zones, not affected premises or feeders. Residual imbalance is not located. Episode times are illustrative, not a real outage forecast.",https://www.geonames.org/advanced-search.html?continentCode=&country=GH&fclass=P&q=
qmix,0,Western,Sekondi-Takoradi,4.927,-1.758,8,9,1,8,0.25,partial zone shedding,"Simulated controlled shedding only. Points represent aggregate zones, not affected premises or feeders. Residual imbalance is not located. Episode times are illustrative, not a real outage forecast.",https://www.geonames.org/advanced-search.html?continentCode=&country=GH&fclass=P&q=
qmix,0,Volta,Ho,6.601,0.471,8,9,1,8,0.5,partial zone shedding,"Simulated controlled shedding only. Points represent aggregate zones, not affected premises or feeders. Residual imbalance is not located. Episode times are illustrative, not a real outage forecast.",https://www.geonames.org/advanced-search.html?continentCode=&country=GH&fclass=P&q=
qmix,0,Northern,Tamale,9.401,-0.839,8,9,1,8,0.25,partial zone shedding,"Simulated controlled shedding only. Points represent aggregate zones, not affected premises or feeders. Residual imbalance is not located. Episode times are illustrative, not a real outage forecast.",https://www.geonames.org/advanced-search.html?continentCode=&country=GH&fclass=P&q=
qmix,0,Greater Accra,Accra,5.556,-0.197,9,10,1,9,0.25,partial zone shedding,"Simulated controlled shedding only. Points represent aggregate zones, not affected premises or feeders. Residual imbalance is not located. Episode times are illustrative, not a real outage forecast.",https://www.geonames.org/advanced-search.html?continentCode=&country=GH&fclass=P&q=
qmix,0,Ashanti,Kumasi,6.688,-1.624,9,10,1,9,0.25,partial zone shedding,"Simulated controlled shedding only. Points represent aggregate zones, not affected premises or feeders. Residual imbalance is not located. Episode times are illustrative, not a real outage forecast.",https://www.geonames.org/advanced-search.html?continentCode=&country=GH&fclass=P&q=
qmix,0,Western,Sekondi-Takoradi,4.927,-1.758,9,10,1,9,0.25,partial zone shedding,"Simulated controlled shedding only. Points represent aggregate zones, not affected premises or feeders. Residual imbalance is not located. Episode times are illustrative, not a real outage forecast.",https://www.geonames.org/advanced-search.html?continentCode=&country=GH&fclass=P&q=
qmix,0,Volta,Ho,6.601,0.471,9,10,1,9,0.5,partial zone shedding,"Simulated controlled shedding only. Points represent aggregate zones, not affected premises or feeders. Residual imbalance is not located. Episode times are illustrative, not a real outage forecast.",https://www.geonames.org/advanced-search.html?continentCode=&country=GH&fclass=P&q=
qmix,0,Northern,Tamale,9.401,-0.839,9,10,1,9,0.25,partial zone shedding,"Simulated controlled shedding only. Points represent aggregate zones, not affected premises or feeders. Residual imbalance is not located. Episode times are illustrative, not a real outage forecast.",https://www.geonames.org/advanced-search.html?continentCode=&country=GH&fclass=P&q=
qmix,0,Greater Accra,Accra,5.556,-0.197,10,11,1,10,0.0,no controlled shedding,"Simulated controlled shedding only. Points represent aggregate zones, not affected premises or feeders. Residual imbalance is not located. Episode times are illustrative, not a real outage forecast.",https://www.geonames.org/advanced-search.html?continentCode=&country=GH&fclass=P&q=
qmix,0,Ashanti,Kumasi,6.688,-1.624,10,11,1,10,0.25,partial zone shedding,"Simulated controlled shedding only. Points represent aggregate zones, not affected premises or feeders. Residual imbalance is not located. Episode times are illustrative, not a real outage forecast.",https://www.geonames.org/advanced-search.html?continentCode=&country=GH&fclass=P&q=
qmix,0,Western,Sekondi-Takoradi,4.927,-1.758,10,11,1,10,0.25,partial zone shedding,"Simulated controlled shedding only. Points represent aggregate zones, not affected premises or feeders. Residual imbalance is not located. Episode times are illustrative, not a real outage forecast.",https://www.geonames.org/advanced-search.html?continentCode=&country=GH&fclass=P&q=
qmix,0,Volta,Ho,6.601,0.471,10,11,1,10,0.0,no controlled shedding,"Simulated controlled shedding only. Points represent aggregate zones, not affected premises or feeders. Residual imbalance is not located. Episode times are illustrative, not a real outage forecast.",https://www.geonames.org/advanced-search.html?continentCode=&country=GH&fclass=P&q=
qmix,0,Northern,Tamale,9.401,-0.839,10,11,1,10,0.25,partial zone shedding,"Simulated controlled shedding only. Points represent aggregate zones, not affected premises or feeders. Residual imbalance is not located. Episode times are illustrative, not a real outage forecast.",https://www.geonames.org/advanced-search.html?continentCode=&country=GH&fclass=P&q=
qmix,0,Greater Accra,Accra,5.556,-0.197,11,12,1,11,0.25,partial zone shedding,"Simulated controlled shedding only. Points represent aggregate zones, not affected premises or feeders. Residual imbalance is not located. Episode times are illustrative, not a real outage forecast.",https://www.geonames.org/advanced-search.html?continentCode=&country=GH&fclass=P&q=
qmix,0,Ashanti,Kumasi,6.688,-1.624,11,12,1,11,0.25,partial zone shedding,"Simulated controlled shedding only. Points represent aggregate zones, not affected premises or feeders. Residual imbalance is not located. Episode times are illustrative, not a real outage forecast.",https://www.geonames.org/advanced-search.html?continentCode=&country=GH&fclass=P&q=
qmix,0,Western,Sekondi-Takoradi,4.927,-1.758,11,12,1,11,0.25,partial zone shedding,"Simulated controlled shedding only. Points represent aggregate zones, not affected premises or feeders. Residual imbalance is not located. Episode times are illustrative, not a real outage forecast.",https://www.geonames.org/advanced-search.html?continentCode=&country=GH&fclass=P&q=
qmix,0,Volta,Ho,6.601,0.471,11,12,1,11,0.25,partial zone shedding,"Simulated controlled shedding only. Points represent aggregate zones, not affected premises or feeders. Residual imbalance is not located. Episode times are illustrative, not a real outage forecast.",https://www.geonames.org/advanced-search.html?continentCode=&country=GH&fclass=P&q=
qmix,0,Northern,Tamale,9.401,-0.839,11,12,1,11,0.25,partial zone shedding,"Simulated controlled shedding only. Points represent aggregate zones, not affected premises or feeders. Residual imbalance is not located. Episode times are illustrative, not a real outage forecast.",https://www.geonames.org/advanced-search.html?continentCode=&country=GH&fclass=P&q=
qmix,0,Greater Accra,Accra,5.556,-0.197,12,13,1,12,0.0,no controlled shedding,"Simulated controlled shedding only. Points represent aggregate zones, not affected premises or feeders. Residual imbalance is not located. Episode times are illustrative, not a real outage forecast.",https://www.geonames.org/advanced-search.html?continentCode=&country=GH&fclass=P&q=
qmix,0,Ashanti,Kumasi,6.688,-1.624,12,13,1,12,0.25,partial zone shedding,"Simulated controlled shedding only. Points represent aggregate zones, not affected premises or feeders. Residual imbalance is not located. Episode times are illustrative, not a real outage forecast.",https://www.geonames.org/advanced-search.html?continentCode=&country=GH&fclass=P&q=
qmix,0,Western,Sekondi-Takoradi,4.927,-1.758,12,13,1,12,0.25,partial zone shedding,"Simulated controlled shedding only. Points represent aggregate zones, not affected premises or feeders. Residual imbalance is not located. Episode times are illustrative, not a real outage forecast.",https://www.geonames.org/advanced-search.html?continentCode=&country=GH&fclass=P&q=
qmix,0,Volta,Ho,6.601,0.471,12,13,1,12,0.0,no controlled shedding,"Simulated controlled shedding only. Points represent aggregate zones, not affected premises or feeders. Residual imbalance is not located. Episode times are illustrative, not a real outage forecast.",https://www.geonames.org/advanced-search.html?continentCode=&country=GH&fclass=P&q=
qmix,0,Northern,Tamale,9.401,-0.839,12,13,1,12,0.25,partial zone shedding,"Simulated controlled shedding only. Points represent aggregate zones, not affected premises or feeders. Residual imbalance is not located. Episode times are illustrative, not a real outage forecast.",https://www.geonames.org/advanced-search.html?continentCode=&country=GH&fclass=P&q=
qmix,0,Greater Accra,Accra,5.556,-0.197,13,14,1,13,0.25,partial zone shedding,"Simulated controlled shedding only. Points represent aggregate zones, not affected premises or feeders. Residual imbalance is not located. Episode times are illustrative, not a real outage forecast.",https://www.geonames.org/advanced-search.html?continentCode=&country=GH&fclass=P&q=
qmix,0,Ashanti,Kumasi,6.688,-1.624,13,14,1,13,0.25,partial zone shedding,"Simulated controlled shedding only. Points represent aggregate zones, not affected premises or feeders. Residual imbalance is not located. Episode times are illustrative, not a real outage forecast.",https://www.geonames.org/advanced-search.html?continentCode=&country=GH&fclass=P&q=
qmix,0,Western,Sekondi-Takoradi,4.927,-1.758,13,14,1,13,0.25,partial zone shedding,"Simulated controlled shedding only. Points represent aggregate zones, not affected premises or feeders. Residual imbalance is not located. Episode times are illustrative, not a real outage forecast.",https://www.geonames.org/advanced-search.html?continentCode=&country=GH&fclass=P&q=
qmix,0,Volta,Ho,6.601,0.471,13,14,1,13,0.0,no controlled shedding,"Simulated controlled shedding only. Points represent aggregate zones, not affected premises or feeders. Residual imbalance is not located. Episode times are illustrative, not a real outage forecast.",https://www.geonames.org/advanced-search.html?continentCode=&country=GH&fclass=P&q=
qmix,0,Northern,Tamale,9.401,-0.839,13,14,1,13,0.25,partial zone shedding,"Simulated controlled shedding only. Points represent aggregate zones, not affected premises or feeders. Residual imbalance is not located. Episode times are illustrative, not a real outage forecast.",https://www.geonames.org/advanced-search.html?continentCode=&country=GH&fclass=P&q=
qmix,0,Greater Accra,Accra,5.556,-0.197,14,15,1,14,0.25,partial zone shedding,"Simulated controlled shedding only. Points represent aggregate zones, not affected premises or feeders. Residual imbalance is not located. Episode times are illustrative, not a real outage forecast.",https://www.geonames.org/advanced-search.html?continentCode=&country=GH&fclass=P&q=
qmix,0,Ashanti,Kumasi,6.688,-1.624,14,15,1,14,0.25,partial zone shedding,"Simulated controlled shedding only. Points represent aggregate zones, not affected premises or feeders. Residual imbalance is not located. Episode times are illustrative, not a real outage forecast.",https://www.geonames.org/advanced-search.html?continentCode=&country=GH&fclass=P&q=
qmix,0,Western,Sekondi-Takoradi,4.927,-1.758,14,15,1,14,0.25,partial zone shedding,"Simulated controlled shedding only. Points represent aggregate zones, not affected premises or feeders. Residual imbalance is not located. Episode times are illustrative, not a real outage forecast.",https://www.geonames.org/advanced-search.html?continentCode=&country=GH&fclass=P&q=
qmix,0,Volta,Ho,6.601,0.471,14,15,1,14,0.0,no controlled shedding,"Simulated controlled shedding only. Points represent aggregate zones, not affected premises or feeders. Residual imbalance is not located. Episode times are illustrative, not a real outage forecast.",https://www.geonames.org/advanced-search.html?continentCode=&country=GH&fclass=P&q=
qmix,0,Northern,Tamale,9.401,-0.839,14,15,1,14,0.25,partial zone shedding,"Simulated controlled shedding only. Points represent aggregate zones, not affected premises or feeders. Residual imbalance is not located. Episode times are illustrative, not a real outage forecast.",https://www.geonames.org/advanced-search.html?continentCode=&country=GH&fclass=P&q=
qmix,0,Greater Accra,Accra,5.556,-0.197,15,16,1,15,0.25,partial zone shedding,"Simulated controlled shedding only. Points represent aggregate zones, not affected premises or feeders. Residual imbalance is not located. Episode times are illustrative, not a real outage forecast.",https://www.geonames.org/advanced-search.html?continentCode=&country=GH&fclass=P&q=
qmix,0,Ashanti,Kumasi,6.688,-1.624,15,16,1,15,0.25,partial zone shedding,"Simulated controlled shedding only. Points represent aggregate zones, not affected premises or feeders. Residual imbalance is not located. Episode times are illustrative, not a real outage forecast.",https://www.geonames.org/advanced-search.html?continentCode=&country=GH&fclass=P&q=
qmix,0,Western,Sekondi-Takoradi,4.927,-1.758,15,16,1,15,0.25,partial zone shedding,"Simulated controlled shedding only. Points represent aggregate zones, not affected premises or feeders. Residual imbalance is not located. Episode times are illustrative, not a real outage forecast.",https://www.geonames.org/advanced-search.html?continentCode=&country=GH&fclass=P&q=
qmix,0,Volta,Ho,6.601,0.471,15,16,1,15,0.0,no controlled shedding,"Simulated controlled shedding only. Points represent aggregate zones, not affected premises or feeders. Residual imbalance is not located. Episode times are illustrative, not a real outage forecast.",https://www.geonames.org/advanced-search.html?continentCode=&country=GH&fclass=P&q=
qmix,0,Northern,Tamale,9.401,-0.839,15,16,1,15,0.25,partial zone shedding,"Simulated controlled shedding only. Points represent aggregate zones, not affected premises or feeders. Residual imbalance is not located. Episode times are illustrative, not a real outage forecast.",https://www.geonames.org/advanced-search.html?continentCode=&country=GH&fclass=P&q=
qmix,0,Greater Accra,Accra,5.556,-0.197,16,17,1,16,0.25,partial zone shedding,"Simulated controlled shedding only. Points represent aggregate zones, not affected premises or feeders. Residual imbalance is not located. Episode times are illustrative, not a real outage forecast.",https://www.geonames.org/advanced-search.html?continentCode=&country=GH&fclass=P&q=
qmix,0,Ashanti,Kumasi,6.688,-1.624,16,17,1,16,0.25,partial zone shedding,"Simulated controlled shedding only. Points represent aggregate zones, not affected premises or feeders. Residual imbalance is not located. Episode times are illustrative, not a real outage forecast.",https://www.geonames.org/advanced-search.html?continentCode=&country=GH&fclass=P&q=
qmix,0,Western,Sekondi-Takoradi,4.927,-1.758,16,17,1,16,0.25,partial zone shedding,"Simulated controlled shedding only. Points represent aggregate zones, not affected premises or feeders. Residual imbalance is not located. Episode times are illustrative, not a real outage forecast.",https://www.geonames.org/advanced-search.html?continentCode=&country=GH&fclass=P&q=
qmix,0,Volta,Ho,6.601,0.471,16,17,1,16,0.0,no controlled shedding,"Simulated controlled shedding only. Points represent aggregate zones, not affected premises or feeders. Residual imbalance is not located. Episode times are illustrative, not a real outage forecast.",https://www.geonames.org/advanced-search.html?continentCode=&country=GH&fclass=P&q=
qmix,0,Northern,Tamale,9.401,-0.839,16,17,1,16,0.25,partial zone shedding,"Simulated controlled shedding only. Points represent aggregate zones, not affected premises or feeders. Residual imbalance is not located. Episode times are illustrative, not a real outage forecast.",https://www.geonames.org/advanced-search.html?continentCode=&country=GH&fclass=P&q=
qmix,0,Greater Accra,Accra,5.556,-0.197,17,18,1,17,0.5,partial zone shedding,"Simulated controlled shedding only. Points represent aggregate zones, not affected premises or feeders. Residual imbalance is not located. Episode times are illustrative, not a real outage forecast.",https://www.geonames.org/advanced-search.html?continentCode=&country=GH&fclass=P&q=
qmix,0,Ashanti,Kumasi,6.688,-1.624,17,18,1,17,0.5,partial zone shedding,"Simulated controlled shedding only. Points represent aggregate zones, not affected premises or feeders. Residual imbalance is not located. Episode times are illustrative, not a real outage forecast.",https://www.geonames.org/advanced-search.html?continentCode=&country=GH&fclass=P&q=
qmix,0,Western,Sekondi-Takoradi,4.927,-1.758,17,18,1,17,0.25,partial zone shedding,"Simulated controlled shedding only. Points represent aggregate zones, not affected premises or feeders. Residual imbalance is not located. Episode times are illustrative, not a real outage forecast.",https://www.geonames.org/advanced-search.html?continentCode=&country=GH&fclass=P&q=
qmix,0,Volta,Ho,6.601,0.471,17,18,1,17,0.75,partial zone shedding,"Simulated controlled shedding only. Points represent aggregate zones, not affected premises or feeders. Residual imbalance is not located. Episode times are illustrative, not a real outage forecast.",https://www.geonames.org/advanced-search.html?continentCode=&country=GH&fclass=P&q=
qmix,0,Northern,Tamale,9.401,-0.839,17,18,1,17,0.25,partial zone shedding,"Simulated controlled shedding only. Points represent aggregate zones, not affected premises or feeders. Residual imbalance is not located. Episode times are illustrative, not a real outage forecast.",https://www.geonames.org/advanced-search.html?continentCode=&country=GH&fclass=P&q=
qmix,0,Greater Accra,Accra,5.556,-0.197,18,19,1,18,0.25,partial zone shedding,"Simulated controlled shedding only. Points represent aggregate zones, not affected premises or feeders. Residual imbalance is not located. Episode times are illustrative, not a real outage forecast.",https://www.geonames.org/advanced-search.html?continentCode=&country=GH&fclass=P&q=
qmix,0,Ashanti,Kumasi,6.688,-1.624,18,19,1,18,0.25,partial zone shedding,"Simulated controlled shedding only. Points represent aggregate zones, not affected premises or feeders. Residual imbalance is not located. Episode times are illustrative, not a real outage forecast.",https://www.geonames.org/advanced-search.html?continentCode=&country=GH&fclass=P&q=
qmix,0,Western,Sekondi-Takoradi,4.927,-1.758,18,19,1,18,0.25,partial zone shedding,"Simulated controlled shedding only. Points represent aggregate zones, not affected premises or feeders. Residual imbalance is not located. Episode times are illustrative, not a real outage forecast.",https://www.geonames.org/advanced-search.html?continentCode=&country=GH&fclass=P&q=
qmix,0,Volta,Ho,6.601,0.471,18,19,1,18,0.5,partial zone shedding,"Simulated controlled shedding only. Points represent aggregate zones, not affected premises or feeders. Residual imbalance is not located. Episode times are illustrative, not a real outage forecast.",https://www.geonames.org/advanced-search.html?continentCode=&country=GH&fclass=P&q=
qmix,0,Northern,Tamale,9.401,-0.839,18,19,1,18,0.25,partial zone shedding,"Simulated controlled shedding only. Points represent aggregate zones, not affected premises or feeders. Residual imbalance is not located. Episode times are illustrative, not a real outage forecast.",https://www.geonames.org/advanced-search.html?continentCode=&country=GH&fclass=P&q=
qmix,0,Greater Accra,Accra,5.556,-0.197,19,20,1,19,0.5,partial zone shedding,"Simulated controlled shedding only. Points represent aggregate zones, not affected premises or feeders. Residual imbalance is not located. Episode times are illustrative, not a real outage forecast.",https://www.geonames.org/advanced-search.html?continentCode=&country=GH&fclass=P&q=
qmix,0,Ashanti,Kumasi,6.688,-1.624,19,20,1,19,0.5,partial zone shedding,"Simulated controlled shedding only. Points represent aggregate zones, not affected premises or feeders. Residual imbalance is not located. Episode times are illustrative, not a real outage forecast.",https://www.geonames.org/advanced-search.html?continentCode=&country=GH&fclass=P&q=
qmix,0,Western,Sekondi-Takoradi,4.927,-1.758,19,20,1,19,0.25,partial zone shedding,"Simulated controlled shedding only. Points represent aggregate zones, not affected premises or feeders. Residual imbalance is not located. Episode times are illustrative, not a real outage forecast.",https://www.geonames.org/advanced-search.html?continentCode=&country=GH&fclass=P&q=
qmix,0,Volta,Ho,6.601,0.471,19,20,1,19,0.75,partial zone shedding,"Simulated controlled shedding only. Points represent aggregate zones, not affected premises or feeders. Residual imbalance is not located. Episode times are illustrative, not a real outage forecast.",https://www.geonames.org/advanced-search.html?continentCode=&country=GH&fclass=P&q=
qmix,0,Northern,Tamale,9.401,-0.839,19,20,1,19,0.5,partial zone shedding,"Simulated controlled shedding only. Points represent aggregate zones, not affected premises or feeders. Residual imbalance is not located. Episode times are illustrative, not a real outage forecast.",https://www.geonames.org/advanced-search.html?continentCode=&country=GH&fclass=P&q=
qmix,0,Greater Accra,Accra,5.556,-0.197,20,21,1,20,0.25,partial zone shedding,"Simulated controlled shedding only. Points represent aggregate zones, not affected premises or feeders. Residual imbalance is not located. Episode times are illustrative, not a real outage forecast.",https://www.geonames.org/advanced-search.html?continentCode=&country=GH&fclass=P&q=
qmix,0,Ashanti,Kumasi,6.688,-1.624,20,21,1,20,0.5,partial zone shedding,"Simulated controlled shedding only. Points represent aggregate zones, not affected premises or feeders. Residual imbalance is not located. Episode times are illustrative, not a real outage forecast.",https://www.geonames.org/advanced-search.html?continentCode=&country=GH&fclass=P&q=
qmix,0,Western,Sekondi-Takoradi,4.927,-1.758,20,21,1,20,0.25,partial zone shedding,"Simulated controlled shedding only. Points represent aggregate zones, not affected premises or feeders. Residual imbalance is not located. Episode times are illustrative, not a real outage forecast.",https://www.geonames.org/advanced-search.html?continentCode=&country=GH&fclass=P&q=
qmix,0,Volta,Ho,6.601,0.471,20,21,1,20,0.5,partial zone shedding,"Simulated controlled shedding only. Points represent aggregate zones, not affected premises or feeders. Residual imbalance is not located. Episode times are illustrative, not a real outage forecast.",https://www.geonames.org/advanced-search.html?continentCode=&country=GH&fclass=P&q=
qmix,0,Northern,Tamale,9.401,-0.839,20,21,1,20,0.25,partial zone shedding,"Simulated controlled shedding only. Points represent aggregate zones, not affected premises or feeders. Residual imbalance is not located. Episode times are illustrative, not a real outage forecast.",https://www.geonames.org/advanced-search.html?continentCode=&country=GH&fclass=P&q=
qmix,0,Greater Accra,Accra,5.556,-0.197,21,22,1,21,0.25,partial zone shedding,"Simulated controlled shedding only. Points represent aggregate zones, not affected premises or feeders. Residual imbalance is not located. Episode times are illustrative, not a real outage forecast.",https://www.geonames.org/advanced-search.html?continentCode=&country=GH&fclass=P&q=
qmix,0,Ashanti,Kumasi,6.688,-1.624,21,22,1,21,0.25,partial zone shedding,"Simulated controlled shedding only. Points represent aggregate zones, not affected premises or feeders. Residual imbalance is not located. Episode times are illustrative, not a real outage forecast.",https://www.geonames.org/advanced-search.html?continentCode=&country=GH&fclass=P&q=
qmix,0,Western,Sekondi-Takoradi,4.927,-1.758,21,22,1,21,0.25,partial zone shedding,"Simulated controlled shedding only. Points represent aggregate zones, not affected premises or feeders. Residual imbalance is not located. Episode times are illustrative, not a real outage forecast.",https://www.geonames.org/advanced-search.html?continentCode=&country=GH&fclass=P&q=
qmix,0,Volta,Ho,6.601,0.471,21,22,1,21,0.5,partial zone shedding,"Simulated controlled shedding only. Points represent aggregate zones, not affected premises or feeders. Residual imbalance is not located. Episode times are illustrative, not a real outage forecast.",https://www.geonames.org/advanced-search.html?continentCode=&country=GH&fclass=P&q=
qmix,0,Northern,Tamale,9.401,-0.839,21,22,1,21,0.25,partial zone shedding,"Simulated controlled shedding only. Points represent aggregate zones, not affected premises or feeders. Residual imbalance is not located. Episode times are illustrative, not a real outage forecast.",https://www.geonames.org/advanced-search.html?continentCode=&country=GH&fclass=P&q=
qmix,0,Greater Accra,Accra,5.556,-0.197,22,23,1,22,0.25,partial zone shedding,"Simulated controlled shedding only. Points represent aggregate zones, not affected premises or feeders. Residual imbalance is not located. Episode times are illustrative, not a real outage forecast.",https://www.geonames.org/advanced-search.html?continentCode=&country=GH&fclass=P&q=
qmix,0,Ashanti,Kumasi,6.688,-1.624,22,23,1,22,0.25,partial zone shedding,"Simulated controlled shedding only. Points represent aggregate zones, not affected premises or feeders. Residual imbalance is not located. Episode times are illustrative, not a real outage forecast.",https://www.geonames.org/advanced-search.html?continentCode=&country=GH&fclass=P&q=
qmix,0,Western,Sekondi-Takoradi,4.927,-1.758,22,23,1,22,0.25,partial zone shedding,"Simulated controlled shedding only. Points represent aggregate zones, not affected premises or feeders. Residual imbalance is not located. Episode times are illustrative, not a real outage forecast.",https://www.geonames.org/advanced-search.html?continentCode=&country=GH&fclass=P&q=
qmix,0,Volta,Ho,6.601,0.471,22,23,1,22,0.5,partial zone shedding,"Simulated controlled shedding only. Points represent aggregate zones, not affected premises or feeders. Residual imbalance is not located. Episode times are illustrative, not a real outage forecast.",https://www.geonames.org/advanced-search.html?continentCode=&country=GH&fclass=P&q=
qmix,0,Northern,Tamale,9.401,-0.839,22,23,1,22,0.25,partial zone shedding,"Simulated controlled shedding only. Points represent aggregate zones, not affected premises or feeders. Residual imbalance is not located. Episode times are illustrative, not a real outage forecast.",https://www.geonames.org/advanced-search.html?continentCode=&country=GH&fclass=P&q=
qmix,0,Greater Accra,Accra,5.556,-0.197,23,24,1,23,0.25,partial zone shedding,"Simulated controlled shedding only. Points represent aggregate zones, not affected premises or feeders. Residual imbalance is not located. Episode times are illustrative, not a real outage forecast.",https://www.geonames.org/advanced-search.html?continentCode=&country=GH&fclass=P&q=
qmix,0,Ashanti,Kumasi,6.688,-1.624,23,24,1,23,0.25,partial zone shedding,"Simulated controlled shedding only. Points represent aggregate zones, not affected premises or feeders. Residual imbalance is not located. Episode times are illustrative, not a real outage forecast.",https://www.geonames.org/advanced-search.html?continentCode=&country=GH&fclass=P&q=
qmix,0,Western,Sekondi-Takoradi,4.927,-1.758,23,24,1,23,0.25,partial zone shedding,"Simulated controlled shedding only. Points represent aggregate zones, not affected premises or feeders. Residual imbalance is not located. Episode times are illustrative, not a real outage forecast.",https://www.geonames.org/advanced-search.html?continentCode=&country=GH&fclass=P&q=
qmix,0,Volta,Ho,6.601,0.471,23,24,1,23,0.0,no controlled shedding,"Simulated controlled shedding only. Points represent aggregate zones, not affected premises or feeders. Residual imbalance is not located. Episode times are illustrative, not a real outage forecast.",https://www.geonames.org/advanced-search.html?continentCode=&country=GH&fclass=P&q=
qmix,0,Northern,Tamale,9.401,-0.839,23,24,1,23,0.25,partial zone shedding,"Simulated controlled shedding only. Points represent aggregate zones, not affected premises or feeders. Residual imbalance is not located. Episode times are illustrative, not a real outage forecast.",https://www.geonames.org/advanced-search.html?continentCode=&country=GH&fclass=P&q=
qmix,0,Greater Accra,Accra,5.556,-0.197,24,25,2,0,0.0,no controlled shedding,"Simulated controlled shedding only. Points represent aggregate zones, not affected premises or feeders. Residual imbalance is not located. Episode times are illustrative, not a real outage forecast.",https://www.geonames.org/advanced-search.html?continentCode=&country=GH&fclass=P&q=
qmix,0,Ashanti,Kumasi,6.688,-1.624,24,25,2,0,0.25,partial zone shedding,"Simulated controlled shedding only. Points represent aggregate zones, not affected premises or feeders. Residual imbalance is not located. Episode times are illustrative, not a real outage forecast.",https://www.geonames.org/advanced-search.html?continentCode=&country=GH&fclass=P&q=
qmix,0,Western,Sekondi-Takoradi,4.927,-1.758,24,25,2,0,0.25,partial zone shedding,"Simulated controlled shedding only. Points represent aggregate zones, not affected premises or feeders. Residual imbalance is not located. Episode times are illustrative, not a real outage forecast.",https://www.geonames.org/advanced-search.html?continentCode=&country=GH&fclass=P&q=
qmix,0,Volta,Ho,6.601,0.471,24,25,2,0,0.0,no controlled shedding,"Simulated controlled shedding only. Points represent aggregate zones, not affected premises or feeders. Residual imbalance is not located. Episode times are illustrative, not a real outage forecast.",https://www.geonames.org/advanced-search.html?continentCode=&country=GH&fclass=P&q=
qmix,0,Northern,Tamale,9.401,-0.839,24,25,2,0,0.25,partial zone shedding,"Simulated controlled shedding only. Points represent aggregate zones, not affected premises or feeders. Residual imbalance is not located. Episode times are illustrative, not a real outage forecast.",https://www.geonames.org/advanced-search.html?continentCode=&country=GH&fclass=P&q=
qmix,0,Greater Accra,Accra,5.556,-0.197,25,26,2,1,0.0,no controlled shedding,"Simulated controlled shedding only. Points represent aggregate zones, not affected premises or feeders. Residual imbalance is not located. Episode times are illustrative, not a real outage forecast.",https://www.geonames.org/advanced-search.html?continentCode=&country=GH&fclass=P&q=
qmix,0,Ashanti,Kumasi,6.688,-1.624,25,26,2,1,0.0,no controlled shedding,"Simulated controlled shedding only. Points represent aggregate zones, not affected premises or feeders. Residual imbalance is not located. Episode times are illustrative, not a real outage forecast.",https://www.geonames.org/advanced-search.html?continentCode=&country=GH&fclass=P&q=
qmix,0,Western,Sekondi-Takoradi,4.927,-1.758,25,26,2,1,0.25,partial zone shedding,"Simulated controlled shedding only. Points represent aggregate zones, not affected premises or feeders. Residual imbalance is not located. Episode times are illustrative, not a real outage forecast.",https://www.geonames.org/advanced-search.html?continentCode=&country=GH&fclass=P&q=
qmix,0,Volta,Ho,6.601,0.471,25,26,2,1,0.0,no controlled shedding,"Simulated controlled shedding only. Points represent aggregate zones, not affected premises or feeders. Residual imbalance is not located. Episode times are illustrative, not a real outage forecast.",https://www.geonames.org/advanced-search.html?continentCode=&country=GH&fclass=P&q=
qmix,0,Northern,Tamale,9.401,-0.839,25,26,2,1,0.25,partial zone shedding,"Simulated controlled shedding only. Points represent aggregate zones, not affected premises or feeders. Residual imbalance is not located. Episode times are illustrative, not a real outage forecast.",https://www.geonames.org/advanced-search.html?continentCode=&country=GH&fclass=P&q=
qmix,0,Greater Accra,Accra,5.556,-0.197,26,27,2,2,0.0,no controlled shedding,"Simulated controlled shedding only. Points represent aggregate zones, not affected premises or feeders. Residual imbalance is not located. Episode times are illustrative, not a real outage forecast.",https://www.geonames.org/advanced-search.html?continentCode=&country=GH&fclass=P&q=
qmix,0,Ashanti,Kumasi,6.688,-1.624,26,27,2,2,0.25,partial zone shedding,"Simulated controlled shedding only. Points represent aggregate zones, not affected premises or feeders. Residual imbalance is not located. Episode times are illustrative, not a real outage forecast.",https://www.geonames.org/advanced-search.html?continentCode=&country=GH&fclass=P&q=
qmix,0,Western,Sekondi-Takoradi,4.927,-1.758,26,27,2,2,0.25,partial zone shedding,"Simulated controlled shedding only. Points represent aggregate zones, not affected premises or feeders. Residual imbalance is not located. Episode times are illustrative, not a real outage forecast.",https://www.geonames.org/advanced-search.html?continentCode=&country=GH&fclass=P&q=
qmix,0,Volta,Ho,6.601,0.471,26,27,2,2,0.25,partial zone shedding,"Simulated controlled shedding only. Points represent aggregate zones, not affected premises or feeders. Residual imbalance is not located. Episode times are illustrative, not a real outage forecast.",https://www.geonames.org/advanced-search.html?continentCode=&country=GH&fclass=P&q=
qmix,0,Northern,Tamale,9.401,-0.839,26,27,2,2,0.25,partial zone shedding,"Simulated controlled shedding only. Points represent aggregate zones, not affected premises or feeders. Residual imbalance is not located. Episode times are illustrative, not a real outage forecast.",https://www.geonames.org/advanced-search.html?continentCode=&country=GH&fclass=P&q=
qmix,0,Greater Accra,Accra,5.556,-0.197,27,28,2,3,0.0,no controlled shedding,"Simulated controlled shedding only. Points represent aggregate zones, not affected premises or feeders. Residual imbalance is not located. Episode times are illustrative, not a real outage forecast.",https://www.geonames.org/advanced-search.html?continentCode=&country=GH&fclass=P&q=
qmix,0,Ashanti,Kumasi,6.688,-1.624,27,28,2,3,0.25,partial zone shedding,"Simulated controlled shedding only. Points represent aggregate zones, not affected premises or feeders. Residual imbalance is not located. Episode times are illustrative, not a real outage forecast.",https://www.geonames.org/advanced-search.html?continentCode=&country=GH&fclass=P&q=
qmix,0,Western,Sekondi-Takoradi,4.927,-1.758,27,28,2,3,0.25,partial zone shedding,"Simulated controlled shedding only. Points represent aggregate zones, not affected premises or feeders. Residual imbalance is not located. Episode times are illustrative, not a real outage forecast.",https://www.geonames.org/advanced-search.html?continentCode=&country=GH&fclass=P&q=
qmix,0,Volta,Ho,6.601,0.471,27,28,2,3,0.25,partial zone shedding,"Simulated controlled shedding only. Points represent aggregate zones, not affected premises or feeders. Residual imbalance is not located. Episode times are illustrative, not a real outage forecast.",https://www.geonames.org/advanced-search.html?continentCode=&country=GH&fclass=P&q=
qmix,0,Northern,Tamale,9.401,-0.839,27,28,2,3,0.25,partial zone shedding,"Simulated controlled shedding only. Points represent aggregate zones, not affected premises or feeders. Residual imbalance is not located. Episode times are illustrative, not a real outage forecast.",https://www.geonames.org/advanced-search.html?continentCode=&country=GH&fclass=P&q=
qmix,0,Greater Accra,Accra,5.556,-0.197,28,29,2,4,0.0,no controlled shedding,"Simulated controlled shedding only. Points represent aggregate zones, not affected premises or feeders. Residual imbalance is not located. Episode times are illustrative, not a real outage forecast.",https://www.geonames.org/advanced-search.html?continentCode=&country=GH&fclass=P&q=
qmix,0,Ashanti,Kumasi,6.688,-1.624,28,29,2,4,0.25,partial zone shedding,"Simulated controlled shedding only. Points represent aggregate zones, not affected premises or feeders. Residual imbalance is not located. Episode times are illustrative, not a real outage forecast.",https://www.geonames.org/advanced-search.html?continentCode=&country=GH&fclass=P&q=
qmix,0,Western,Sekondi-Takoradi,4.927,-1.758,28,29,2,4,0.25,partial zone shedding,"Simulated controlled shedding only. Points represent aggregate zones, not affected premises or feeders. Residual imbalance is not located. Episode times are illustrative, not a real outage forecast.",https://www.geonames.org/advanced-search.html?continentCode=&country=GH&fclass=P&q=
qmix,0,Volta,Ho,6.601,0.471,28,29,2,4,0.25,partial zone shedding,"Simulated controlled shedding only. Points represent aggregate zones, not affected premises or feeders. Residual imbalance is not located. Episode times are illustrative, not a real outage forecast.",https://www.geonames.org/advanced-search.html?continentCode=&country=GH&fclass=P&q=
qmix,0,Northern,Tamale,9.401,-0.839,28,29,2,4,0.25,partial zone shedding,"Simulated controlled shedding only. Points represent aggregate zones, not affected premises or feeders. Residual imbalance is not located. Episode times are illustrative, not a real outage forecast.",https://www.geonames.org/advanced-search.html?continentCode=&country=GH&fclass=P&q=
qmix,0,Greater Accra,Accra,5.556,-0.197,29,30,2,5,0.25,partial zone shedding,"Simulated controlled shedding only. Points represent aggregate zones, not affected premises or feeders. Residual imbalance is not located. Episode times are illustrative, not a real outage forecast.",https://www.geonames.org/advanced-search.html?continentCode=&country=GH&fclass=P&q=
qmix,0,Ashanti,Kumasi,6.688,-1.624,29,30,2,5,0.25,partial zone shedding,"Simulated controlled shedding only. Points represent aggregate zones, not affected premises or feeders. Residual imbalance is not located. Episode times are illustrative, not a real outage forecast.",https://www.geonames.org/advanced-search.html?continentCode=&country=GH&fclass=P&q=
qmix,0,Western,Sekondi-Takoradi,4.927,-1.758,29,30,2,5,0.25,partial zone shedding,"Simulated controlled shedding only. Points represent aggregate zones, not affected premises or feeders. Residual imbalance is not located. Episode times are illustrative, not a real outage forecast.",https://www.geonames.org/advanced-search.html?continentCode=&country=GH&fclass=P&q=
qmix,0,Volta,Ho,6.601,0.471,29,30,2,5,0.25,partial zone shedding,"Simulated controlled shedding only. Points represent aggregate zones, not affected premises or feeders. Residual imbalance is not located. Episode times are illustrative, not a real outage forecast.",https://www.geonames.org/advanced-search.html?continentCode=&country=GH&fclass=P&q=
qmix,0,Northern,Tamale,9.401,-0.839,29,30,2,5,0.25,partial zone shedding,"Simulated controlled shedding only. Points represent aggregate zones, not affected premises or feeders. Residual imbalance is not located. Episode times are illustrative, not a real outage forecast.",https://www.geonames.org/advanced-search.html?continentCode=&country=GH&fclass=P&q=
qmix,0,Greater Accra,Accra,5.556,-0.197,30,31,2,6,0.5,partial zone shedding,"Simulated controlled shedding only. Points represent aggregate zones, not affected premises or feeders. Residual imbalance is not located. Episode times are illustrative, not a real outage forecast.",https://www.geonames.org/advanced-search.html?continentCode=&country=GH&fclass=P&q=
qmix,0,Ashanti,Kumasi,6.688,-1.624,30,31,2,6,0.25,partial zone shedding,"Simulated controlled shedding only. Points represent aggregate zones, not affected premises or feeders. Residual imbalance is not located. Episode times are illustrative, not a real outage forecast.",https://www.geonames.org/advanced-search.html?continentCode=&country=GH&fclass=P&q=
qmix,0,Western,Sekondi-Takoradi,4.927,-1.758,30,31,2,6,0.25,partial zone shedding,"Simulated controlled shedding only. Points represent aggregate zones, not affected premises or feeders. Residual imbalance is not located. Episode times are illustrative, not a real outage forecast.",https://www.geonames.org/advanced-search.html?continentCode=&country=GH&fclass=P&q=
qmix,0,Volta,Ho,6.601,0.471,30,31,2,6,0.25,partial zone shedding,"Simulated controlled shedding only. Points represent aggregate zones, not affected premises or feeders. Residual imbalance is not located. Episode times are illustrative, not a real outage forecast.",https://www.geonames.org/advanced-search.html?continentCode=&country=GH&fclass=P&q=
qmix,0,Northern,Tamale,9.401,-0.839,30,31,2,6,0.25,partial zone shedding,"Simulated controlled shedding only. Points represent aggregate zones, not affected premises or feeders. Residual imbalance is not located. Episode times are illustrative, not a real outage forecast.",https://www.geonames.org/advanced-search.html?continentCode=&country=GH&fclass=P&q=
qmix,0,Greater Accra,Accra,5.556,-0.197,31,32,2,7,0.25,partial zone shedding,"Simulated controlled shedding only. Points represent aggregate zones, not affected premises or feeders. Residual imbalance is not located. Episode times are illustrative, not a real outage forecast.",https://www.geonames.org/advanced-search.html?continentCode=&country=GH&fclass=P&q=
qmix,0,Ashanti,Kumasi,6.688,-1.624,31,32,2,7,0.25,partial zone shedding,"Simulated controlled shedding only. Points represent aggregate zones, not affected premises or feeders. Residual imbalance is not located. Episode times are illustrative, not a real outage forecast.",https://www.geonames.org/advanced-search.html?continentCode=&country=GH&fclass=P&q=
qmix,0,Western,Sekondi-Takoradi,4.927,-1.758,31,32,2,7,0.25,partial zone shedding,"Simulated controlled shedding only. Points represent aggregate zones, not affected premises or feeders. Residual imbalance is not located. Episode times are illustrative, not a real outage forecast.",https://www.geonames.org/advanced-search.html?continentCode=&country=GH&fclass=P&q=
qmix,0,Volta,Ho,6.601,0.471,31,32,2,7,0.5,partial zone shedding,"Simulated controlled shedding only. Points represent aggregate zones, not affected premises or feeders. Residual imbalance is not located. Episode times are illustrative, not a real outage forecast.",https://www.geonames.org/advanced-search.html?continentCode=&country=GH&fclass=P&q=
qmix,0,Northern,Tamale,9.401,-0.839,31,32,2,7,0.25,partial zone shedding,"Simulated controlled shedding only. Points represent aggregate zones, not affected premises or feeders. Residual imbalance is not located. Episode times are illustrative, not a real outage forecast.",https://www.geonames.org/advanced-search.html?continentCode=&country=GH&fclass=P&q=
qmix,0,Greater Accra,Accra,5.556,-0.197,32,33,2,8,0.5,partial zone shedding,"Simulated controlled shedding only. Points represent aggregate zones, not affected premises or feeders. Residual imbalance is not located. Episode times are illustrative, not a real outage forecast.",https://www.geonames.org/advanced-search.html?continentCode=&country=GH&fclass=P&q=
qmix,0,Ashanti,Kumasi,6.688,-1.624,32,33,2,8,0.25,partial zone shedding,"Simulated controlled shedding only. Points represent aggregate zones, not affected premises or feeders. Residual imbalance is not located. Episode times are illustrative, not a real outage forecast.",https://www.geonames.org/advanced-search.html?continentCode=&country=GH&fclass=P&q=
qmix,0,Western,Sekondi-Takoradi,4.927,-1.758,32,33,2,8,0.25,partial zone shedding,"Simulated controlled shedding only. Points represent aggregate zones, not affected premises or feeders. Residual imbalance is not located. Episode times are illustrative, not a real outage forecast.",https://www.geonames.org/advanced-search.html?continentCode=&country=GH&fclass=P&q=
qmix,0,Volta,Ho,6.601,0.471,32,33,2,8,0.5,partial zone shedding,"Simulated controlled shedding only. Points represent aggregate zones, not affected premises or feeders. Residual imbalance is not located. Episode times are illustrative, not a real outage forecast.",https://www.geonames.org/advanced-search.html?continentCode=&country=GH&fclass=P&q=
qmix,0,Northern,Tamale,9.401,-0.839,32,33,2,8,0.25,partial zone shedding,"Simulated controlled shedding only. Points represent aggregate zones, not affected premises or feeders. Residual imbalance is not located. Episode times are illustrative, not a real outage forecast.",https://www.geonames.org/advanced-search.html?continentCode=&country=GH&fclass=P&q=
qmix,0,Greater Accra,Accra,5.556,-0.197,33,34,2,9,0.5,partial zone shedding,"Simulated controlled shedding only. Points represent aggregate zones, not affected premises or feeders. Residual imbalance is not located. Episode times are illustrative, not a real outage forecast.",https://www.geonames.org/advanced-search.html?continentCode=&country=GH&fclass=P&q=
qmix,0,Ashanti,Kumasi,6.688,-1.624,33,34,2,9,0.25,partial zone shedding,"Simulated controlled shedding only. Points represent aggregate zones, not affected premises or feeders. Residual imbalance is not located. Episode times are illustrative, not a real outage forecast.",https://www.geonames.org/advanced-search.html?continentCode=&country=GH&fclass=P&q=
qmix,0,Western,Sekondi-Takoradi,4.927,-1.758,33,34,2,9,0.25,partial zone shedding,"Simulated controlled shedding only. Points represent aggregate zones, not affected premises or feeders. Residual imbalance is not located. Episode times are illustrative, not a real outage forecast.",https://www.geonames.org/advanced-search.html?continentCode=&country=GH&fclass=P&q=
qmix,0,Volta,Ho,6.601,0.471,33,34,2,9,0.5,partial zone shedding,"Simulated controlled shedding only. Points represent aggregate zones, not affected premises or feeders. Residual imbalance is not located. Episode times are illustrative, not a real outage forecast.",https://www.geonames.org/advanced-search.html?continentCode=&country=GH&fclass=P&q=
qmix,0,Northern,Tamale,9.401,-0.839,33,34,2,9,0.25,partial zone shedding,"Simulated controlled shedding only. Points represent aggregate zones, not affected premises or feeders. Residual imbalance is not located. Episode times are illustrative, not a real outage forecast.",https://www.geonames.org/advanced-search.html?continentCode=&country=GH&fclass=P&q=
qmix,0,Greater Accra,Accra,5.556,-0.197,34,35,2,10,0.25,partial zone shedding,"Simulated controlled shedding only. Points represent aggregate zones, not affected premises or feeders. Residual imbalance is not located. Episode times are illustrative, not a real outage forecast.",https://www.geonames.org/advanced-search.html?continentCode=&country=GH&fclass=P&q=
qmix,0,Ashanti,Kumasi,6.688,-1.624,34,35,2,10,0.25,partial zone shedding,"Simulated controlled shedding only. Points represent aggregate zones, not affected premises or feeders. Residual imbalance is not located. Episode times are illustrative, not a real outage forecast.",https://www.geonames.org/advanced-search.html?continentCode=&country=GH&fclass=P&q=
qmix,0,Western,Sekondi-Takoradi,4.927,-1.758,34,35,2,10,0.25,partial zone shedding,"Simulated controlled shedding only. Points represent aggregate zones, not affected premises or feeders. Residual imbalance is not located. Episode times are illustrative, not a real outage forecast.",https://www.geonames.org/advanced-search.html?continentCode=&country=GH&fclass=P&q=
qmix,0,Volta,Ho,6.601,0.471,34,35,2,10,0.25,partial zone shedding,"Simulated controlled shedding only. Points represent aggregate zones, not affected premises or feeders. Residual imbalance is not located. Episode times are illustrative, not a real outage forecast.",https://www.geonames.org/advanced-search.html?continentCode=&country=GH&fclass=P&q=
qmix,0,Northern,Tamale,9.401,-0.839,34,35,2,10,0.25,partial zone shedding,"Simulated controlled shedding only. Points represent aggregate zones, not affected premises or feeders. Residual imbalance is not located. Episode times are illustrative, not a real outage forecast.",https://www.geonames.org/advanced-search.html?continentCode=&country=GH&fclass=P&q=
qmix,0,Greater Accra,Accra,5.556,-0.197,35,36,2,11,0.25,partial zone shedding,"Simulated controlled shedding only. Points represent aggregate zones, not affected premises or feeders. Residual imbalance is not located. Episode times are illustrative, not a real outage forecast.",https://www.geonames.org/advanced-search.html?continentCode=&country=GH&fclass=P&q=
qmix,0,Ashanti,Kumasi,6.688,-1.624,35,36,2,11,0.25,partial zone shedding,"Simulated controlled shedding only. Points represent aggregate zones, not affected premises or feeders. Residual imbalance is not located. Episode times are illustrative, not a real outage forecast.",https://www.geonames.org/advanced-search.html?continentCode=&country=GH&fclass=P&q=
qmix,0,Western,Sekondi-Takoradi,4.927,-1.758,35,36,2,11,0.25,partial zone shedding,"Simulated controlled shedding only. Points represent aggregate zones, not affected premises or feeders. Residual imbalance is not located. Episode times are illustrative, not a real outage forecast.",https://www.geonames.org/advanced-search.html?continentCode=&country=GH&fclass=P&q=
qmix,0,Volta,Ho,6.601,0.471,35,36,2,11,0.0,no controlled shedding,"Simulated controlled shedding only. Points represent aggregate zones, not affected premises or feeders. Residual imbalance is not located. Episode times are illustrative, not a real outage forecast.",https://www.geonames.org/advanced-search.html?continentCode=&country=GH&fclass=P&q=
qmix,0,Northern,Tamale,9.401,-0.839,35,36,2,11,0.0,no controlled shedding,"Simulated controlled shedding only. Points represent aggregate zones, not affected premises or feeders. Residual imbalance is not located. Episode times are illustrative, not a real outage forecast.",https://www.geonames.org/advanced-search.html?continentCode=&country=GH&fclass=P&q=
qmix,0,Greater Accra,Accra,5.556,-0.197,36,37,2,12,0.0,no controlled shedding,"Simulated controlled shedding only. Points represent aggregate zones, not affected premises or feeders. Residual imbalance is not located. Episode times are illustrative, not a real outage forecast.",https://www.geonames.org/advanced-search.html?continentCode=&country=GH&fclass=P&q=
qmix,0,Ashanti,Kumasi,6.688,-1.624,36,37,2,12,0.25,partial zone shedding,"Simulated controlled shedding only. Points represent aggregate zones, not affected premises or feeders. Residual imbalance is not located. Episode times are illustrative, not a real outage forecast.",https://www.geonames.org/advanced-search.html?continentCode=&country=GH&fclass=P&q=
qmix,0,Western,Sekondi-Takoradi,4.927,-1.758,36,37,2,12,0.25,partial zone shedding,"Simulated controlled shedding only. Points represent aggregate zones, not affected premises or feeders. Residual imbalance is not located. Episode times are illustrative, not a real outage forecast.",https://www.geonames.org/advanced-search.html?continentCode=&country=GH&fclass=P&q=
qmix,0,Volta,Ho,6.601,0.471,36,37,2,12,0.0,no controlled shedding,"Simulated controlled shedding only. Points represent aggregate zones, not affected premises or feeders. Residual imbalance is not located. Episode times are illustrative, not a real outage forecast.",https://www.geonames.org/advanced-search.html?continentCode=&country=GH&fclass=P&q=
qmix,0,Northern,Tamale,9.401,-0.839,36,37,2,12,0.0,no controlled shedding,"Simulated controlled shedding only. Points represent aggregate zones, not affected premises or feeders. Residual imbalance is not located. Episode times are illustrative, not a real outage forecast.",https://www.geonames.org/advanced-search.html?continentCode=&country=GH&fclass=P&q=
qmix,0,Greater Accra,Accra,5.556,-0.197,37,38,2,13,0.0,no controlled shedding,"Simulated controlled shedding only. Points represent aggregate zones, not affected premises or feeders. Residual imbalance is not located. Episode times are illustrative, not a real outage forecast.",https://www.geonames.org/advanced-search.html?continentCode=&country=GH&fclass=P&q=
qmix,0,Ashanti,Kumasi,6.688,-1.624,37,38,2,13,0.25,partial zone shedding,"Simulated controlled shedding only. Points represent aggregate zones, not affected premises or feeders. Residual imbalance is not located. Episode times are illustrative, not a real outage forecast.",https://www.geonames.org/advanced-search.html?continentCode=&country=GH&fclass=P&q=
qmix,0,Western,Sekondi-Takoradi,4.927,-1.758,37,38,2,13,0.25,partial zone shedding,"Simulated controlled shedding only. Points represent aggregate zones, not affected premises or feeders. Residual imbalance is not located. Episode times are illustrative, not a real outage forecast.",https://www.geonames.org/advanced-search.html?continentCode=&country=GH&fclass=P&q=
qmix,0,Volta,Ho,6.601,0.471,37,38,2,13,0.0,no controlled shedding,"Simulated controlled shedding only. Points represent aggregate zones, not affected premises or feeders. Residual imbalance is not located. Episode times are illustrative, not a real outage forecast.",https://www.geonames.org/advanced-search.html?continentCode=&country=GH&fclass=P&q=
qmix,0,Northern,Tamale,9.401,-0.839,37,38,2,13,0.0,no controlled shedding,"Simulated controlled shedding only. Points represent aggregate zones, not affected premises or feeders. Residual imbalance is not located. Episode times are illustrative, not a real outage forecast.",https://www.geonames.org/advanced-search.html?continentCode=&country=GH&fclass=P&q=
qmix,0,Greater Accra,Accra,5.556,-0.197,38,39,2,14,0.25,partial zone shedding,"Simulated controlled shedding only. Points represent aggregate zones, not affected premises or feeders. Residual imbalance is not located. Episode times are illustrative, not a real outage forecast.",https://www.geonames.org/advanced-search.html?continentCode=&country=GH&fclass=P&q=
qmix,0,Ashanti,Kumasi,6.688,-1.624,38,39,2,14,0.25,partial zone shedding,"Simulated controlled shedding only. Points represent aggregate zones, not affected premises or feeders. Residual imbalance is not located. Episode times are illustrative, not a real outage forecast.",https://www.geonames.org/advanced-search.html?continentCode=&country=GH&fclass=P&q=
qmix,0,Western,Sekondi-Takoradi,4.927,-1.758,38,39,2,14,0.25,partial zone shedding,"Simulated controlled shedding only. Points represent aggregate zones, not affected premises or feeders. Residual imbalance is not located. Episode times are illustrative, not a real outage forecast.",https://www.geonames.org/advanced-search.html?continentCode=&country=GH&fclass=P&q=
qmix,0,Volta,Ho,6.601,0.471,38,39,2,14,0.0,no controlled shedding,"Simulated controlled shedding only. Points represent aggregate zones, not affected premises or feeders. Residual imbalance is not located. Episode times are illustrative, not a real outage forecast.",https://www.geonames.org/advanced-search.html?continentCode=&country=GH&fclass=P&q=
qmix,0,Northern,Tamale,9.401,-0.839,38,39,2,14,0.0,no controlled shedding,"Simulated controlled shedding only. Points represent aggregate zones, not affected premises or feeders. Residual imbalance is not located. Episode times are illustrative, not a real outage forecast.",https://www.geonames.org/advanced-search.html?continentCode=&country=GH&fclass=P&q=
qmix,0,Greater Accra,Accra,5.556,-0.197,39,40,2,15,0.25,partial zone shedding,"Simulated controlled shedding only. Points represent aggregate zones, not affected premises or feeders. Residual imbalance is not located. Episode times are illustrative, not a real outage forecast.",https://www.geonames.org/advanced-search.html?continentCode=&country=GH&fclass=P&q=
qmix,0,Ashanti,Kumasi,6.688,-1.624,39,40,2,15,0.25,partial zone shedding,"Simulated controlled shedding only. Points represent aggregate zones, not affected premises or feeders. Residual imbalance is not located. Episode times are illustrative, not a real outage forecast.",https://www.geonames.org/advanced-search.html?continentCode=&country=GH&fclass=P&q=
qmix,0,Western,Sekondi-Takoradi,4.927,-1.758,39,40,2,15,0.25,partial zone shedding,"Simulated controlled shedding only. Points represent aggregate zones, not affected premises or feeders. Residual imbalance is not located. Episode times are illustrative, not a real outage forecast.",https://www.geonames.org/advanced-search.html?continentCode=&country=GH&fclass=P&q=
qmix,0,Volta,Ho,6.601,0.471,39,40,2,15,0.0,no controlled shedding,"Simulated controlled shedding only. Points represent aggregate zones, not affected premises or feeders. Residual imbalance is not located. Episode times are illustrative, not a real outage forecast.",https://www.geonames.org/advanced-search.html?continentCode=&country=GH&fclass=P&q=
qmix,0,Northern,Tamale,9.401,-0.839,39,40,2,15,0.0,no controlled shedding,"Simulated controlled shedding only. Points represent aggregate zones, not affected premises or feeders. Residual imbalance is not located. Episode times are illustrative, not a real outage forecast.",https://www.geonames.org/advanced-search.html?continentCode=&country=GH&fclass=P&q=
qmix,0,Greater Accra,Accra,5.556,-0.197,40,41,2,16,0.25,partial zone shedding,"Simulated controlled shedding only. Points represent aggregate zones, not affected premises or feeders. Residual imbalance is not located. Episode times are illustrative, not a real outage forecast.",https://www.geonames.org/advanced-search.html?continentCode=&country=GH&fclass=P&q=
qmix,0,Ashanti,Kumasi,6.688,-1.624,40,41,2,16,0.5,partial zone shedding,"Simulated controlled shedding only. Points represent aggregate zones, not affected premises or feeders. Residual imbalance is not located. Episode times are illustrative, not a real outage forecast.",https://www.geonames.org/advanced-search.html?continentCode=&country=GH&fclass=P&q=
qmix,0,Western,Sekondi-Takoradi,4.927,-1.758,40,41,2,16,0.5,partial zone shedding,"Simulated controlled shedding only. Points represent aggregate zones, not affected premises or feeders. Residual imbalance is not located. Episode times are illustrative, not a real outage forecast.",https://www.geonames.org/advanced-search.html?continentCode=&country=GH&fclass=P&q=
qmix,0,Volta,Ho,6.601,0.471,40,41,2,16,0.5,partial zone shedding,"Simulated controlled shedding only. Points represent aggregate zones, not affected premises or feeders. Residual imbalance is not located. Episode times are illustrative, not a real outage forecast.",https://www.geonames.org/advanced-search.html?continentCode=&country=GH&fclass=P&q=
qmix,0,Northern,Tamale,9.401,-0.839,40,41,2,16,0.0,no controlled shedding,"Simulated controlled shedding only. Points represent aggregate zones, not affected premises or feeders. Residual imbalance is not located. Episode times are illustrative, not a real outage forecast.",https://www.geonames.org/advanced-search.html?continentCode=&country=GH&fclass=P&q=
qmix,0,Greater Accra,Accra,5.556,-0.197,41,42,2,17,0.25,partial zone shedding,"Simulated controlled shedding only. Points represent aggregate zones, not affected premises or feeders. Residual imbalance is not located. Episode times are illustrative, not a real outage forecast.",https://www.geonames.org/advanced-search.html?continentCode=&country=GH&fclass=P&q=
qmix,0,Ashanti,Kumasi,6.688,-1.624,41,42,2,17,0.5,partial zone shedding,"Simulated controlled shedding only. Points represent aggregate zones, not affected premises or feeders. Residual imbalance is not located. Episode times are illustrative, not a real outage forecast.",https://www.geonames.org/advanced-search.html?continentCode=&country=GH&fclass=P&q=
qmix,0,Western,Sekondi-Takoradi,4.927,-1.758,41,42,2,17,0.5,partial zone shedding,"Simulated controlled shedding only. Points represent aggregate zones, not affected premises or feeders. Residual imbalance is not located. Episode times are illustrative, not a real outage forecast.",https://www.geonames.org/advanced-search.html?continentCode=&country=GH&fclass=P&q=
qmix,0,Volta,Ho,6.601,0.471,41,42,2,17,0.5,partial zone shedding,"Simulated controlled shedding only. Points represent aggregate zones, not affected premises or feeders. Residual imbalance is not located. Episode times are illustrative, not a real outage forecast.",https://www.geonames.org/advanced-search.html?continentCode=&country=GH&fclass=P&q=
qmix,0,Northern,Tamale,9.401,-0.839,41,42,2,17,0.5,partial zone shedding,"Simulated controlled shedding only. Points represent aggregate zones, not affected premises or feeders. Residual imbalance is not located. Episode times are illustrative, not a real outage forecast.",https://www.geonames.org/advanced-search.html?continentCode=&country=GH&fclass=P&q=
qmix,0,Greater Accra,Accra,5.556,-0.197,42,43,2,18,0.5,partial zone shedding,"Simulated controlled shedding only. Points represent aggregate zones, not affected premises or feeders. Residual imbalance is not located. Episode times are illustrative, not a real outage forecast.",https://www.geonames.org/advanced-search.html?continentCode=&country=GH&fclass=P&q=
qmix,0,Ashanti,Kumasi,6.688,-1.624,42,43,2,18,0.5,partial zone shedding,"Simulated controlled shedding only. Points represent aggregate zones, not affected premises or feeders. Residual imbalance is not located. Episode times are illustrative, not a real outage forecast.",https://www.geonames.org/advanced-search.html?continentCode=&country=GH&fclass=P&q=
qmix,0,Western,Sekondi-Takoradi,4.927,-1.758,42,43,2,18,0.5,partial zone shedding,"Simulated controlled shedding only. Points represent aggregate zones, not affected premises or feeders. Residual imbalance is not located. Episode times are illustrative, not a real outage forecast.",https://www.geonames.org/advanced-search.html?continentCode=&country=GH&fclass=P&q=
qmix,0,Volta,Ho,6.601,0.471,42,43,2,18,0.0,no controlled shedding,"Simulated controlled shedding only. Points represent aggregate zones, not affected premises or feeders. Residual imbalance is not located. Episode times are illustrative, not a real outage forecast.",https://www.geonames.org/advanced-search.html?continentCode=&country=GH&fclass=P&q=
qmix,0,Northern,Tamale,9.401,-0.839,42,43,2,18,0.5,partial zone shedding,"Simulated controlled shedding only. Points represent aggregate zones, not affected premises or feeders. Residual imbalance is not located. Episode times are illustrative, not a real outage forecast.",https://www.geonames.org/advanced-search.html?continentCode=&country=GH&fclass=P&q=
qmix,0,Greater Accra,Accra,5.556,-0.197,43,44,2,19,0.5,partial zone shedding,"Simulated controlled shedding only. Points represent aggregate zones, not affected premises or feeders. Residual imbalance is not located. Episode times are illustrative, not a real outage forecast.",https://www.geonames.org/advanced-search.html?continentCode=&country=GH&fclass=P&q=
qmix,0,Ashanti,Kumasi,6.688,-1.624,43,44,2,19,0.5,partial zone shedding,"Simulated controlled shedding only. Points represent aggregate zones, not affected premises or feeders. Residual imbalance is not located. Episode times are illustrative, not a real outage forecast.",https://www.geonames.org/advanced-search.html?continentCode=&country=GH&fclass=P&q=
qmix,0,Western,Sekondi-Takoradi,4.927,-1.758,43,44,2,19,0.5,partial zone shedding,"Simulated controlled shedding only. Points represent aggregate zones, not affected premises or feeders. Residual imbalance is not located. Episode times are illustrative, not a real outage forecast.",https://www.geonames.org/advanced-search.html?continentCode=&country=GH&fclass=P&q=
qmix,0,Volta,Ho,6.601,0.471,43,44,2,19,0.0,no controlled shedding,"Simulated controlled shedding only. Points represent aggregate zones, not affected premises or feeders. Residual imbalance is not located. Episode times are illustrative, not a real outage forecast.",https://www.geonames.org/advanced-search.html?continentCode=&country=GH&fclass=P&q=
qmix,0,Northern,Tamale,9.401,-0.839,43,44,2,19,0.5,partial zone shedding,"Simulated controlled shedding only. Points represent aggregate zones, not affected premises or feeders. Residual imbalance is not located. Episode times are illustrative, not a real outage forecast.",https://www.geonames.org/advanced-search.html?continentCode=&country=GH&fclass=P&q=
qmix,0,Greater Accra,Accra,5.556,-0.197,44,45,2,20,0.5,partial zone shedding,"Simulated controlled shedding only. Points represent aggregate zones, not affected premises or feeders. Residual imbalance is not located. Episode times are illustrative, not a real outage forecast.",https://www.geonames.org/advanced-search.html?continentCode=&country=GH&fclass=P&q=
qmix,0,Ashanti,Kumasi,6.688,-1.624,44,45,2,20,0.5,partial zone shedding,"Simulated controlled shedding only. Points represent aggregate zones, not affected premises or feeders. Residual imbalance is not located. Episode times are illustrative, not a real outage forecast.",https://www.geonames.org/advanced-search.html?continentCode=&country=GH&fclass=P&q=
qmix,0,Western,Sekondi-Takoradi,4.927,-1.758,44,45,2,20,0.5,partial zone shedding,"Simulated controlled shedding only. Points represent aggregate zones, not affected premises or feeders. Residual imbalance is not located. Episode times are illustrative, not a real outage forecast.",https://www.geonames.org/advanced-search.html?continentCode=&country=GH&fclass=P&q=
qmix,0,Volta,Ho,6.601,0.471,44,45,2,20,0.0,no controlled shedding,"Simulated controlled shedding only. Points represent aggregate zones, not affected premises or feeders. Residual imbalance is not located. Episode times are illustrative, not a real outage forecast.",https://www.geonames.org/advanced-search.html?continentCode=&country=GH&fclass=P&q=
qmix,0,Northern,Tamale,9.401,-0.839,44,45,2,20,0.5,partial zone shedding,"Simulated controlled shedding only. Points represent aggregate zones, not affected premises or feeders. Residual imbalance is not located. Episode times are illustrative, not a real outage forecast.",https://www.geonames.org/advanced-search.html?continentCode=&country=GH&fclass=P&q=
qmix,0,Greater Accra,Accra,5.556,-0.197,45,46,2,21,0.25,partial zone shedding,"Simulated controlled shedding only. Points represent aggregate zones, not affected premises or feeders. Residual imbalance is not located. Episode times are illustrative, not a real outage forecast.",https://www.geonames.org/advanced-search.html?continentCode=&country=GH&fclass=P&q=
qmix,0,Ashanti,Kumasi,6.688,-1.624,45,46,2,21,0.5,partial zone shedding,"Simulated controlled shedding only. Points represent aggregate zones, not affected premises or feeders. Residual imbalance is not located. Episode times are illustrative, not a real outage forecast.",https://www.geonames.org/advanced-search.html?continentCode=&country=GH&fclass=P&q=
qmix,0,Western,Sekondi-Takoradi,4.927,-1.758,45,46,2,21,0.5,partial zone shedding,"Simulated controlled shedding only. Points represent aggregate zones, not affected premises or feeders. Residual imbalance is not located. Episode times are illustrative, not a real outage forecast.",https://www.geonames.org/advanced-search.html?continentCode=&country=GH&fclass=P&q=
qmix,0,Volta,Ho,6.601,0.471,45,46,2,21,0.75,partial zone shedding,"Simulated controlled shedding only. Points represent aggregate zones, not affected premises or feeders. Residual imbalance is not located. Episode times are illustrative, not a real outage forecast.",https://www.geonames.org/advanced-search.html?continentCode=&country=GH&fclass=P&q=
qmix,0,Northern,Tamale,9.401,-0.839,45,46,2,21,0.5,partial zone shedding,"Simulated controlled shedding only. Points represent aggregate zones, not affected premises or feeders. Residual imbalance is not located. Episode times are illustrative, not a real outage forecast.",https://www.geonames.org/advanced-search.html?continentCode=&country=GH&fclass=P&q=
qmix,0,Greater Accra,Accra,5.556,-0.197,46,47,2,22,0.25,partial zone shedding,"Simulated controlled shedding only. Points represent aggregate zones, not affected premises or feeders. Residual imbalance is not located. Episode times are illustrative, not a real outage forecast.",https://www.geonames.org/advanced-search.html?continentCode=&country=GH&fclass=P&q=
qmix,0,Ashanti,Kumasi,6.688,-1.624,46,47,2,22,0.5,partial zone shedding,"Simulated controlled shedding only. Points represent aggregate zones, not affected premises or feeders. Residual imbalance is not located. Episode times are illustrative, not a real outage forecast.",https://www.geonames.org/advanced-search.html?continentCode=&country=GH&fclass=P&q=
qmix,0,Western,Sekondi-Takoradi,4.927,-1.758,46,47,2,22,0.5,partial zone shedding,"Simulated controlled shedding only. Points represent aggregate zones, not affected premises or feeders. Residual imbalance is not located. Episode times are illustrative, not a real outage forecast.",https://www.geonames.org/advanced-search.html?continentCode=&country=GH&fclass=P&q=
qmix,0,Volta,Ho,6.601,0.471,46,47,2,22,0.0,no controlled shedding,"Simulated controlled shedding only. Points represent aggregate zones, not affected premises or feeders. Residual imbalance is not located. Episode times are illustrative, not a real outage forecast.",https://www.geonames.org/advanced-search.html?continentCode=&country=GH&fclass=P&q=
qmix,0,Northern,Tamale,9.401,-0.839,46,47,2,22,0.25,partial zone shedding,"Simulated controlled shedding only. Points represent aggregate zones, not affected premises or feeders. Residual imbalance is not located. Episode times are illustrative, not a real outage forecast.",https://www.geonames.org/advanced-search.html?continentCode=&country=GH&fclass=P&q=
qmix,0,Greater Accra,Accra,5.556,-0.197,47,48,2,23,0.25,partial zone shedding,"Simulated controlled shedding only. Points represent aggregate zones, not affected premises or feeders. Residual imbalance is not located. Episode times are illustrative, not a real outage forecast.",https://www.geonames.org/advanced-search.html?continentCode=&country=GH&fclass=P&q=
qmix,0,Ashanti,Kumasi,6.688,-1.624,47,48,2,23,0.25,partial zone shedding,"Simulated controlled shedding only. Points represent aggregate zones, not affected premises or feeders. Residual imbalance is not located. Episode times are illustrative, not a real outage forecast.",https://www.geonames.org/advanced-search.html?continentCode=&country=GH&fclass=P&q=
qmix,0,Western,Sekondi-Takoradi,4.927,-1.758,47,48,2,23,0.5,partial zone shedding,"Simulated controlled shedding only. Points represent aggregate zones, not affected premises or feeders. Residual imbalance is not located. Episode times are illustrative, not a real outage forecast.",https://www.geonames.org/advanced-search.html?continentCode=&country=GH&fclass=P&q=
qmix,0,Volta,Ho,6.601,0.471,47,48,2,23,0.0,no controlled shedding,"Simulated controlled shedding only. Points represent aggregate zones, not affected premises or feeders. Residual imbalance is not located. Episode times are illustrative, not a real outage forecast.",https://www.geonames.org/advanced-search.html?continentCode=&country=GH&fclass=P&q=
qmix,0,Northern,Tamale,9.401,-0.839,47,48,2,23,0.25,partial zone shedding,"Simulated controlled shedding only. Points represent aggregate zones, not affected premises or feeders. Residual imbalance is not located. Episode times are illustrative, not a real outage forecast.",https://www.geonames.org/advanced-search.html?continentCode=&country=GH&fclass=P&q=
qmix,0,Greater Accra,Accra,5.556,-0.197,48,49,3,0,0.0,no controlled shedding,"Simulated controlled shedding only. Points represent aggregate zones, not affected premises or feeders. Residual imbalance is not located. Episode times are illustrative, not a real outage forecast.",https://www.geonames.org/advanced-search.html?continentCode=&country=GH&fclass=P&q=
qmix,0,Ashanti,Kumasi,6.688,-1.624,48,49,3,0,0.25,partial zone shedding,"Simulated controlled shedding only. Points represent aggregate zones, not affected premises or feeders. Residual imbalance is not located. Episode times are illustrative, not a real outage forecast.",https://www.geonames.org/advanced-search.html?continentCode=&country=GH&fclass=P&q=
qmix,0,Western,Sekondi-Takoradi,4.927,-1.758,48,49,3,0,0.25,partial zone shedding,"Simulated controlled shedding only. Points represent aggregate zones, not affected premises or feeders. Residual imbalance is not located. Episode times are illustrative, not a real outage forecast.",https://www.geonames.org/advanced-search.html?continentCode=&country=GH&fclass=P&q=
qmix,0,Volta,Ho,6.601,0.471,48,49,3,0,0.0,no controlled shedding,"Simulated controlled shedding only. Points represent aggregate zones, not affected premises or feeders. Residual imbalance is not located. Episode times are illustrative, not a real outage forecast.",https://www.geonames.org/advanced-search.html?continentCode=&country=GH&fclass=P&q=
qmix,0,Northern,Tamale,9.401,-0.839,48,49,3,0,0.25,partial zone shedding,"Simulated controlled shedding only. Points represent aggregate zones, not affected premises or feeders. Residual imbalance is not located. Episode times are illustrative, not a real outage forecast.",https://www.geonames.org/advanced-search.html?continentCode=&country=GH&fclass=P&q=
qmix,0,Greater Accra,Accra,5.556,-0.197,49,50,3,1,0.0,no controlled shedding,"Simulated controlled shedding only. Points represent aggregate zones, not affected premises or feeders. Residual imbalance is not located. Episode times are illustrative, not a real outage forecast.",https://www.geonames.org/advanced-search.html?continentCode=&country=GH&fclass=P&q=
qmix,0,Ashanti,Kumasi,6.688,-1.624,49,50,3,1,0.5,partial zone shedding,"Simulated controlled shedding only. Points represent aggregate zones, not affected premises or feeders. Residual imbalance is not located. Episode times are illustrative, not a real outage forecast.",https://www.geonames.org/advanced-search.html?continentCode=&country=GH&fclass=P&q=
qmix,0,Western,Sekondi-Takoradi,4.927,-1.758,49,50,3,1,0.25,partial zone shedding,"Simulated controlled shedding only. Points represent aggregate zones, not affected premises or feeders. Residual imbalance is not located. Episode times are illustrative, not a real outage forecast.",https://www.geonames.org/advanced-search.html?continentCode=&country=GH&fclass=P&q=
qmix,0,Volta,Ho,6.601,0.471,49,50,3,1,0.0,no controlled shedding,"Simulated controlled shedding only. Points represent aggregate zones, not affected premises or feeders. Residual imbalance is not located. Episode times are illustrative, not a real outage forecast.",https://www.geonames.org/advanced-search.html?continentCode=&country=GH&fclass=P&q=
qmix,0,Northern,Tamale,9.401,-0.839,49,50,3,1,0.25,partial zone shedding,"Simulated controlled shedding only. Points represent aggregate zones, not affected premises or feeders. Residual imbalance is not located. Episode times are illustrative, not a real outage forecast.",https://www.geonames.org/advanced-search.html?continentCode=&country=GH&fclass=P&q=
qmix,0,Greater Accra,Accra,5.556,-0.197,50,51,3,2,0.25,partial zone shedding,"Simulated controlled shedding only. Points represent aggregate zones, not affected premises or feeders. Residual imbalance is not located. Episode times are illustrative, not a real outage forecast.",https://www.geonames.org/advanced-search.html?continentCode=&country=GH&fclass=P&q=
qmix,0,Ashanti,Kumasi,6.688,-1.624,50,51,3,2,0.25,partial zone shedding,"Simulated controlled shedding only. Points represent aggregate zones, not affected premises or feeders. Residual imbalance is not located. Episode times are illustrative, not a real outage forecast.",https://www.geonames.org/advanced-search.html?continentCode=&country=GH&fclass=P&q=
qmix,0,Western,Sekondi-Takoradi,4.927,-1.758,50,51,3,2,0.25,partial zone shedding,"Simulated controlled shedding only. Points represent aggregate zones, not affected premises or feeders. Residual imbalance is not located. Episode times are illustrative, not a real outage forecast.",https://www.geonames.org/advanced-search.html?continentCode=&country=GH&fclass=P&q=
qmix,0,Volta,Ho,6.601,0.471,50,51,3,2,0.0,no controlled shedding,"Simulated controlled shedding only. Points represent aggregate zones, not affected premises or feeders. Residual imbalance is not located. Episode times are illustrative, not a real outage forecast.",https://www.geonames.org/advanced-search.html?continentCode=&country=GH&fclass=P&q=
qmix,0,Northern,Tamale,9.401,-0.839,50,51,3,2,0.25,partial zone shedding,"Simulated controlled shedding only. Points represent aggregate zones, not affected premises or feeders. Residual imbalance is not located. Episode times are illustrative, not a real outage forecast.",https://www.geonames.org/advanced-search.html?continentCode=&country=GH&fclass=P&q=
qmix,0,Greater Accra,Accra,5.556,-0.197,51,52,3,3,0.25,partial zone shedding,"Simulated controlled shedding only. Points represent aggregate zones, not affected premises or feeders. Residual imbalance is not located. Episode times are illustrative, not a real outage forecast.",https://www.geonames.org/advanced-search.html?continentCode=&country=GH&fclass=P&q=
qmix,0,Ashanti,Kumasi,6.688,-1.624,51,52,3,3,0.5,partial zone shedding,"Simulated controlled shedding only. Points represent aggregate zones, not affected premises or feeders. Residual imbalance is not located. Episode times are illustrative, not a real outage forecast.",https://www.geonames.org/advanced-search.html?continentCode=&country=GH&fclass=P&q=
qmix,0,Western,Sekondi-Takoradi,4.927,-1.758,51,52,3,3,0.25,partial zone shedding,"Simulated controlled shedding only. Points represent aggregate zones, not affected premises or feeders. Residual imbalance is not located. Episode times are illustrative, not a real outage forecast.",https://www.geonames.org/advanced-search.html?continentCode=&country=GH&fclass=P&q=
qmix,0,Volta,Ho,6.601,0.471,51,52,3,3,0.25,partial zone shedding,"Simulated controlled shedding only. Points represent aggregate zones, not affected premises or feeders. Residual imbalance is not located. Episode times are illustrative, not a real outage forecast.",https://www.geonames.org/advanced-search.html?continentCode=&country=GH&fclass=P&q=
qmix,0,Northern,Tamale,9.401,-0.839,51,52,3,3,0.25,partial zone shedding,"Simulated controlled shedding only. Points represent aggregate zones, not affected premises or feeders. Residual imbalance is not located. Episode times are illustrative, not a real outage forecast.",https://www.geonames.org/advanced-search.html?continentCode=&country=GH&fclass=P&q=
qmix,0,Greater Accra,Accra,5.556,-0.197,52,53,3,4,0.25,partial zone shedding,"Simulated controlled shedding only. Points represent aggregate zones, not affected premises or feeders. Residual imbalance is not located. Episode times are illustrative, not a real outage forecast.",https://www.geonames.org/advanced-search.html?continentCode=&country=GH&fclass=P&q=
qmix,0,Ashanti,Kumasi,6.688,-1.624,52,53,3,4,0.25,partial zone shedding,"Simulated controlled shedding only. Points represent aggregate zones, not affected premises or feeders. Residual imbalance is not located. Episode times are illustrative, not a real outage forecast.",https://www.geonames.org/advanced-search.html?continentCode=&country=GH&fclass=P&q=
qmix,0,Western,Sekondi-Takoradi,4.927,-1.758,52,53,3,4,0.25,partial zone shedding,"Simulated controlled shedding only. Points represent aggregate zones, not affected premises or feeders. Residual imbalance is not located. Episode times are illustrative, not a real outage forecast.",https://www.geonames.org/advanced-search.html?continentCode=&country=GH&fclass=P&q=
qmix,0,Volta,Ho,6.601,0.471,52,53,3,4,0.5,partial zone shedding,"Simulated controlled shedding only. Points represent aggregate zones, not affected premises or feeders. Residual imbalance is not located. Episode times are illustrative, not a real outage forecast.",https://www.geonames.org/advanced-search.html?continentCode=&country=GH&fclass=P&q=
qmix,0,Northern,Tamale,9.401,-0.839,52,53,3,4,0.25,partial zone shedding,"Simulated controlled shedding only. Points represent aggregate zones, not affected premises or feeders. Residual imbalance is not located. Episode times are illustrative, not a real outage forecast.",https://www.geonames.org/advanced-search.html?continentCode=&country=GH&fclass=P&q=
qmix,0,Greater Accra,Accra,5.556,-0.197,53,54,3,5,0.25,partial zone shedding,"Simulated controlled shedding only. Points represent aggregate zones, not affected premises or feeders. Residual imbalance is not located. Episode times are illustrative, not a real outage forecast.",https://www.geonames.org/advanced-search.html?continentCode=&country=GH&fclass=P&q=
qmix,0,Ashanti,Kumasi,6.688,-1.624,53,54,3,5,0.25,partial zone shedding,"Simulated controlled shedding only. Points represent aggregate zones, not affected premises or feeders. Residual imbalance is not located. Episode times are illustrative, not a real outage forecast.",https://www.geonames.org/advanced-search.html?continentCode=&country=GH&fclass=P&q=
qmix,0,Western,Sekondi-Takoradi,4.927,-1.758,53,54,3,5,0.25,partial zone shedding,"Simulated controlled shedding only. Points represent aggregate zones, not affected premises or feeders. Residual imbalance is not located. Episode times are illustrative, not a real outage forecast.",https://www.geonames.org/advanced-search.html?continentCode=&country=GH&fclass=P&q=
qmix,0,Volta,Ho,6.601,0.471,53,54,3,5,0.5,partial zone shedding,"Simulated controlled shedding only. Points represent aggregate zones, not affected premises or feeders. Residual imbalance is not located. Episode times are illustrative, not a real outage forecast.",https://www.geonames.org/advanced-search.html?continentCode=&country=GH&fclass=P&q=
qmix,0,Northern,Tamale,9.401,-0.839,53,54,3,5,0.25,partial zone shedding,"Simulated controlled shedding only. Points represent aggregate zones, not affected premises or feeders. Residual imbalance is not located. Episode times are illustrative, not a real outage forecast.",https://www.geonames.org/advanced-search.html?continentCode=&country=GH&fclass=P&q=
qmix,0,Greater Accra,Accra,5.556,-0.197,54,55,3,6,0.25,partial zone shedding,"Simulated controlled shedding only. Points represent aggregate zones, not affected premises or feeders. Residual imbalance is not located. Episode times are illustrative, not a real outage forecast.",https://www.geonames.org/advanced-search.html?continentCode=&country=GH&fclass=P&q=
qmix,0,Ashanti,Kumasi,6.688,-1.624,54,55,3,6,0.25,partial zone shedding,"Simulated controlled shedding only. Points represent aggregate zones, not affected premises or feeders. Residual imbalance is not located. Episode times are illustrative, not a real outage forecast.",https://www.geonames.org/advanced-search.html?continentCode=&country=GH&fclass=P&q=
qmix,0,Western,Sekondi-Takoradi,4.927,-1.758,54,55,3,6,0.25,partial zone shedding,"Simulated controlled shedding only. Points represent aggregate zones, not affected premises or feeders. Residual imbalance is not located. Episode times are illustrative, not a real outage forecast.",https://www.geonames.org/advanced-search.html?continentCode=&country=GH&fclass=P&q=
qmix,0,Volta,Ho,6.601,0.471,54,55,3,6,0.5,partial zone shedding,"Simulated controlled shedding only. Points represent aggregate zones, not affected premises or feeders. Residual imbalance is not located. Episode times are illustrative, not a real outage forecast.",https://www.geonames.org/advanced-search.html?continentCode=&country=GH&fclass=P&q=
qmix,0,Northern,Tamale,9.401,-0.839,54,55,3,6,0.25,partial zone shedding,"Simulated controlled shedding only. Points represent aggregate zones, not affected premises or feeders. Residual imbalance is not located. Episode times are illustrative, not a real outage forecast.",https://www.geonames.org/advanced-search.html?continentCode=&country=GH&fclass=P&q=
qmix,0,Greater Accra,Accra,5.556,-0.197,55,56,3,7,0.25,partial zone shedding,"Simulated controlled shedding only. Points represent aggregate zones, not affected premises or feeders. Residual imbalance is not located. Episode times are illustrative, not a real outage forecast.",https://www.geonames.org/advanced-search.html?continentCode=&country=GH&fclass=P&q=
qmix,0,Ashanti,Kumasi,6.688,-1.624,55,56,3,7,0.25,partial zone shedding,"Simulated controlled shedding only. Points represent aggregate zones, not affected premises or feeders. Residual imbalance is not located. Episode times are illustrative, not a real outage forecast.",https://www.geonames.org/advanced-search.html?continentCode=&country=GH&fclass=P&q=
qmix,0,Western,Sekondi-Takoradi,4.927,-1.758,55,56,3,7,0.25,partial zone shedding,"Simulated controlled shedding only. Points represent aggregate zones, not affected premises or feeders. Residual imbalance is not located. Episode times are illustrative, not a real outage forecast.",https://www.geonames.org/advanced-search.html?continentCode=&country=GH&fclass=P&q=
qmix,0,Volta,Ho,6.601,0.471,55,56,3,7,0.5,partial zone shedding,"Simulated controlled shedding only. Points represent aggregate zones, not affected premises or feeders. Residual imbalance is not located. Episode times are illustrative, not a real outage forecast.",https://www.geonames.org/advanced-search.html?continentCode=&country=GH&fclass=P&q=
qmix,0,Northern,Tamale,9.401,-0.839,55,56,3,7,0.25,partial zone shedding,"Simulated controlled shedding only. Points represent aggregate zones, not affected premises or feeders. Residual imbalance is not located. Episode times are illustrative, not a real outage forecast.",https://www.geonames.org/advanced-search.html?continentCode=&country=GH&fclass=P&q=
qmix,0,Greater Accra,Accra,5.556,-0.197,56,57,3,8,0.25,partial zone shedding,"Simulated controlled shedding only. Points represent aggregate zones, not affected premises or feeders. Residual imbalance is not located. Episode times are illustrative, not a real outage forecast.",https://www.geonames.org/advanced-search.html?continentCode=&country=GH&fclass=P&q=
qmix,0,Ashanti,Kumasi,6.688,-1.624,56,57,3,8,0.25,partial zone shedding,"Simulated controlled shedding only. Points represent aggregate zones, not affected premises or feeders. Residual imbalance is not located. Episode times are illustrative, not a real outage forecast.",https://www.geonames.org/advanced-search.html?continentCode=&country=GH&fclass=P&q=
qmix,0,Western,Sekondi-Takoradi,4.927,-1.758,56,57,3,8,0.25,partial zone shedding,"Simulated controlled shedding only. Points represent aggregate zones, not affected premises or feeders. Residual imbalance is not located. Episode times are illustrative, not a real outage forecast.",https://www.geonames.org/advanced-search.html?continentCode=&country=GH&fclass=P&q=
qmix,0,Volta,Ho,6.601,0.471,56,57,3,8,0.5,partial zone shedding,"Simulated controlled shedding only. Points represent aggregate zones, not affected premises or feeders. Residual imbalance is not located. Episode times are illustrative, not a real outage forecast.",https://www.geonames.org/advanced-search.html?continentCode=&country=GH&fclass=P&q=
qmix,0,Northern,Tamale,9.401,-0.839,56,57,3,8,0.5,partial zone shedding,"Simulated controlled shedding only. Points represent aggregate zones, not affected premises or feeders. Residual imbalance is not located. Episode times are illustrative, not a real outage forecast.",https://www.geonames.org/advanced-search.html?continentCode=&country=GH&fclass=P&q=
qmix,0,Greater Accra,Accra,5.556,-0.197,57,58,3,9,0.5,partial zone shedding,"Simulated controlled shedding only. Points represent aggregate zones, not affected premises or feeders. Residual imbalance is not located. Episode times are illustrative, not a real outage forecast.",https://www.geonames.org/advanced-search.html?continentCode=&country=GH&fclass=P&q=
qmix,0,Ashanti,Kumasi,6.688,-1.624,57,58,3,9,0.25,partial zone shedding,"Simulated controlled shedding only. Points represent aggregate zones, not affected premises or feeders. Residual imbalance is not located. Episode times are illustrative, not a real outage forecast.",https://www.geonames.org/advanced-search.html?continentCode=&country=GH&fclass=P&q=
qmix,0,Western,Sekondi-Takoradi,4.927,-1.758,57,58,3,9,0.25,partial zone shedding,"Simulated controlled shedding only. Points represent aggregate zones, not affected premises or feeders. Residual imbalance is not located. Episode times are illustrative, not a real outage forecast.",https://www.geonames.org/advanced-search.html?continentCode=&country=GH&fclass=P&q=
qmix,0,Volta,Ho,6.601,0.471,57,58,3,9,0.5,partial zone shedding,"Simulated controlled shedding only. Points represent aggregate zones, not affected premises or feeders. Residual imbalance is not located. Episode times are illustrative, not a real outage forecast.",https://www.geonames.org/advanced-search.html?continentCode=&country=GH&fclass=P&q=
qmix,0,Northern,Tamale,9.401,-0.839,57,58,3,9,0.5,partial zone shedding,"Simulated controlled shedding only. Points represent aggregate zones, not affected premises or feeders. Residual imbalance is not located. Episode times are illustrative, not a real outage forecast.",https://www.geonames.org/advanced-search.html?continentCode=&country=GH&fclass=P&q=
qmix,0,Greater Accra,Accra,5.556,-0.197,58,59,3,10,0.5,partial zone shedding,"Simulated controlled shedding only. Points represent aggregate zones, not affected premises or feeders. Residual imbalance is not located. Episode times are illustrative, not a real outage forecast.",https://www.geonames.org/advanced-search.html?continentCode=&country=GH&fclass=P&q=
qmix,0,Ashanti,Kumasi,6.688,-1.624,58,59,3,10,0.25,partial zone shedding,"Simulated controlled shedding only. Points represent aggregate zones, not affected premises or feeders. Residual imbalance is not located. Episode times are illustrative, not a real outage forecast.",https://www.geonames.org/advanced-search.html?continentCode=&country=GH&fclass=P&q=
qmix,0,Western,Sekondi-Takoradi,4.927,-1.758,58,59,3,10,0.5,partial zone shedding,"Simulated controlled shedding only. Points represent aggregate zones, not affected premises or feeders. Residual imbalance is not located. Episode times are illustrative, not a real outage forecast.",https://www.geonames.org/advanced-search.html?continentCode=&country=GH&fclass=P&q=
qmix,0,Volta,Ho,6.601,0.471,58,59,3,10,0.5,partial zone shedding,"Simulated controlled shedding only. Points represent aggregate zones, not affected premises or feeders. Residual imbalance is not located. Episode times are illustrative, not a real outage forecast.",https://www.geonames.org/advanced-search.html?continentCode=&country=GH&fclass=P&q=
qmix,0,Northern,Tamale,9.401,-0.839,58,59,3,10,0.5,partial zone shedding,"Simulated controlled shedding only. Points represent aggregate zones, not affected premises or feeders. Residual imbalance is not located. Episode times are illustrative, not a real outage forecast.",https://www.geonames.org/advanced-search.html?continentCode=&country=GH&fclass=P&q=
qmix,0,Greater Accra,Accra,5.556,-0.197,59,60,3,11,0.5,partial zone shedding,"Simulated controlled shedding only. Points represent aggregate zones, not affected premises or feeders. Residual imbalance is not located. Episode times are illustrative, not a real outage forecast.",https://www.geonames.org/advanced-search.html?continentCode=&country=GH&fclass=P&q=
qmix,0,Ashanti,Kumasi,6.688,-1.624,59,60,3,11,0.25,partial zone shedding,"Simulated controlled shedding only. Points represent aggregate zones, not affected premises or feeders. Residual imbalance is not located. Episode times are illustrative, not a real outage forecast.",https://www.geonames.org/advanced-search.html?continentCode=&country=GH&fclass=P&q=
qmix,0,Western,Sekondi-Takoradi,4.927,-1.758,59,60,3,11,0.25,partial zone shedding,"Simulated controlled shedding only. Points represent aggregate zones, not affected premises or feeders. Residual imbalance is not located. Episode times are illustrative, not a real outage forecast.",https://www.geonames.org/advanced-search.html?continentCode=&country=GH&fclass=P&q=
qmix,0,Volta,Ho,6.601,0.471,59,60,3,11,0.5,partial zone shedding,"Simulated controlled shedding only. Points represent aggregate zones, not affected premises or feeders. Residual imbalance is not located. Episode times are illustrative, not a real outage forecast.",https://www.geonames.org/advanced-search.html?continentCode=&country=GH&fclass=P&q=
qmix,0,Northern,Tamale,9.401,-0.839,59,60,3,11,0.5,partial zone shedding,"Simulated controlled shedding only. Points represent aggregate zones, not affected premises or feeders. Residual imbalance is not located. Episode times are illustrative, not a real outage forecast.",https://www.geonames.org/advanced-search.html?continentCode=&country=GH&fclass=P&q=
qmix,0,Greater Accra,Accra,5.556,-0.197,60,61,3,12,0.25,partial zone shedding,"Simulated controlled shedding only. Points represent aggregate zones, not affected premises or feeders. Residual imbalance is not located. Episode times are illustrative, not a real outage forecast.",https://www.geonames.org/advanced-search.html?continentCode=&country=GH&fclass=P&q=
qmix,0,Ashanti,Kumasi,6.688,-1.624,60,61,3,12,0.25,partial zone shedding,"Simulated controlled shedding only. Points represent aggregate zones, not affected premises or feeders. Residual imbalance is not located. Episode times are illustrative, not a real outage forecast.",https://www.geonames.org/advanced-search.html?continentCode=&country=GH&fclass=P&q=
qmix,0,Western,Sekondi-Takoradi,4.927,-1.758,60,61,3,12,0.25,partial zone shedding,"Simulated controlled shedding only. Points represent aggregate zones, not affected premises or feeders. Residual imbalance is not located. Episode times are illustrative, not a real outage forecast.",https://www.geonames.org/advanced-search.html?continentCode=&country=GH&fclass=P&q=
qmix,0,Volta,Ho,6.601,0.471,60,61,3,12,0.5,partial zone shedding,"Simulated controlled shedding only. Points represent aggregate zones, not affected premises or feeders. Residual imbalance is not located. Episode times are illustrative, not a real outage forecast.",https://www.geonames.org/advanced-search.html?continentCode=&country=GH&fclass=P&q=
qmix,0,Northern,Tamale,9.401,-0.839,60,61,3,12,0.5,partial zone shedding,"Simulated controlled shedding only. Points represent aggregate zones, not affected premises or feeders. Residual imbalance is not located. Episode times are illustrative, not a real outage forecast.",https://www.geonames.org/advanced-search.html?continentCode=&country=GH&fclass=P&q=
qmix,0,Greater Accra,Accra,5.556,-0.197,61,62,3,13,0.25,partial zone shedding,"Simulated controlled shedding only. Points represent aggregate zones, not affected premises or feeders. Residual imbalance is not located. Episode times are illustrative, not a real outage forecast.",https://www.geonames.org/advanced-search.html?continentCode=&country=GH&fclass=P&q=
qmix,0,Ashanti,Kumasi,6.688,-1.624,61,62,3,13,0.25,partial zone shedding,"Simulated controlled shedding only. Points represent aggregate zones, not affected premises or feeders. Residual imbalance is not located. Episode times are illustrative, not a real outage forecast.",https://www.geonames.org/advanced-search.html?continentCode=&country=GH&fclass=P&q=
qmix,0,Western,Sekondi-Takoradi,4.927,-1.758,61,62,3,13,0.25,partial zone shedding,"Simulated controlled shedding only. Points represent aggregate zones, not affected premises or feeders. Residual imbalance is not located. Episode times are illustrative, not a real outage forecast.",https://www.geonames.org/advanced-search.html?continentCode=&country=GH&fclass=P&q=
qmix,0,Volta,Ho,6.601,0.471,61,62,3,13,0.5,partial zone shedding,"Simulated controlled shedding only. Points represent aggregate zones, not affected premises or feeders. Residual imbalance is not located. Episode times are illustrative, not a real outage forecast.",https://www.geonames.org/advanced-search.html?continentCode=&country=GH&fclass=P&q=
qmix,0,Northern,Tamale,9.401,-0.839,61,62,3,13,0.5,partial zone shedding,"Simulated controlled shedding only. Points represent aggregate zones, not affected premises or feeders. Residual imbalance is not located. Episode times are illustrative, not a real outage forecast.",https://www.geonames.org/advanced-search.html?continentCode=&country=GH&fclass=P&q=
qmix,0,Greater Accra,Accra,5.556,-0.197,62,63,3,14,0.25,partial zone shedding,"Simulated controlled shedding only. Points represent aggregate zones, not affected premises or feeders. Residual imbalance is not located. Episode times are illustrative, not a real outage forecast.",https://www.geonames.org/advanced-search.html?continentCode=&country=GH&fclass=P&q=
qmix,0,Ashanti,Kumasi,6.688,-1.624,62,63,3,14,0.25,partial zone shedding,"Simulated controlled shedding only. Points represent aggregate zones, not affected premises or feeders. Residual imbalance is not located. Episode times are illustrative, not a real outage forecast.",https://www.geonames.org/advanced-search.html?continentCode=&country=GH&fclass=P&q=
qmix,0,Western,Sekondi-Takoradi,4.927,-1.758,62,63,3,14,0.25,partial zone shedding,"Simulated controlled shedding only. Points represent aggregate zones, not affected premises or feeders. Residual imbalance is not located. Episode times are illustrative, not a real outage forecast.",https://www.geonames.org/advanced-search.html?continentCode=&country=GH&fclass=P&q=
qmix,0,Volta,Ho,6.601,0.471,62,63,3,14,0.5,partial zone shedding,"Simulated controlled shedding only. Points represent aggregate zones, not affected premises or feeders. Residual imbalance is not located. Episode times are illustrative, not a real outage forecast.",https://www.geonames.org/advanced-search.html?continentCode=&country=GH&fclass=P&q=
qmix,0,Northern,Tamale,9.401,-0.839,62,63,3,14,0.5,partial zone shedding,"Simulated controlled shedding only. Points represent aggregate zones, not affected premises or feeders. Residual imbalance is not located. Episode times are illustrative, not a real outage forecast.",https://www.geonames.org/advanced-search.html?continentCode=&country=GH&fclass=P&q=
qmix,0,Greater Accra,Accra,5.556,-0.197,63,64,3,15,0.5,partial zone shedding,"Simulated controlled shedding only. Points represent aggregate zones, not affected premises or feeders. Residual imbalance is not located. Episode times are illustrative, not a real outage forecast.",https://www.geonames.org/advanced-search.html?continentCode=&country=GH&fclass=P&q=
qmix,0,Ashanti,Kumasi,6.688,-1.624,63,64,3,15,0.25,partial zone shedding,"Simulated controlled shedding only. Points represent aggregate zones, not affected premises or feeders. Residual imbalance is not located. Episode times are illustrative, not a real outage forecast.",https://www.geonames.org/advanced-search.html?continentCode=&country=GH&fclass=P&q=
qmix,0,Western,Sekondi-Takoradi,4.927,-1.758,63,64,3,15,0.0,no controlled shedding,"Simulated controlled shedding only. Points represent aggregate zones, not affected premises or feeders. Residual imbalance is not located. Episode times are illustrative, not a real outage forecast.",https://www.geonames.org/advanced-search.html?continentCode=&country=GH&fclass=P&q=
qmix,0,Volta,Ho,6.601,0.471,63,64,3,15,0.25,partial zone shedding,"Simulated controlled shedding only. Points represent aggregate zones, not affected premises or feeders. Residual imbalance is not located. Episode times are illustrative, not a real outage forecast.",https://www.geonames.org/advanced-search.html?continentCode=&country=GH&fclass=P&q=
qmix,0,Northern,Tamale,9.401,-0.839,63,64,3,15,0.5,partial zone shedding,"Simulated controlled shedding only. Points represent aggregate zones, not affected premises or feeders. Residual imbalance is not located. Episode times are illustrative, not a real outage forecast.",https://www.geonames.org/advanced-search.html?continentCode=&country=GH&fclass=P&q=
qmix,0,Greater Accra,Accra,5.556,-0.197,64,65,3,16,0.25,partial zone shedding,"Simulated controlled shedding only. Points represent aggregate zones, not affected premises or feeders. Residual imbalance is not located. Episode times are illustrative, not a real outage forecast.",https://www.geonames.org/advanced-search.html?continentCode=&country=GH&fclass=P&q=
qmix,0,Ashanti,Kumasi,6.688,-1.624,64,65,3,16,0.25,partial zone shedding,"Simulated controlled shedding only. Points represent aggregate zones, not affected premises or feeders. Residual imbalance is not located. Episode times are illustrative, not a real outage forecast.",https://www.geonames.org/advanced-search.html?continentCode=&country=GH&fclass=P&q=
qmix,0,Western,Sekondi-Takoradi,4.927,-1.758,64,65,3,16,0.5,partial zone shedding,"Simulated controlled shedding only. Points represent aggregate zones, not affected premises or feeders. Residual imbalance is not located. Episode times are illustrative, not a real outage forecast.",https://www.geonames.org/advanced-search.html?continentCode=&country=GH&fclass=P&q=
qmix,0,Volta,Ho,6.601,0.471,64,65,3,16,0.25,partial zone shedding,"Simulated controlled shedding only. Points represent aggregate zones, not affected premises or feeders. Residual imbalance is not located. Episode times are illustrative, not a real outage forecast.",https://www.geonames.org/advanced-search.html?continentCode=&country=GH&fclass=P&q=
qmix,0,Northern,Tamale,9.401,-0.839,64,65,3,16,0.5,partial zone shedding,"Simulated controlled shedding only. Points represent aggregate zones, not affected premises or feeders. Residual imbalance is not located. Episode times are illustrative, not a real outage forecast.",https://www.geonames.org/advanced-search.html?continentCode=&country=GH&fclass=P&q=
qmix,0,Greater Accra,Accra,5.556,-0.197,65,66,3,17,0.25,partial zone shedding,"Simulated controlled shedding only. Points represent aggregate zones, not affected premises or feeders. Residual imbalance is not located. Episode times are illustrative, not a real outage forecast.",https://www.geonames.org/advanced-search.html?continentCode=&country=GH&fclass=P&q=
qmix,0,Ashanti,Kumasi,6.688,-1.624,65,66,3,17,0.5,partial zone shedding,"Simulated controlled shedding only. Points represent aggregate zones, not affected premises or feeders. Residual imbalance is not located. Episode times are illustrative, not a real outage forecast.",https://www.geonames.org/advanced-search.html?continentCode=&country=GH&fclass=P&q=
qmix,0,Western,Sekondi-Takoradi,4.927,-1.758,65,66,3,17,0.5,partial zone shedding,"Simulated controlled shedding only. Points represent aggregate zones, not affected premises or feeders. Residual imbalance is not located. Episode times are illustrative, not a real outage forecast.",https://www.geonames.org/advanced-search.html?continentCode=&country=GH&fclass=P&q=
qmix,0,Volta,Ho,6.601,0.471,65,66,3,17,0.75,partial zone shedding,"Simulated controlled shedding only. Points represent aggregate zones, not affected premises or feeders. Residual imbalance is not located. Episode times are illustrative, not a real outage forecast.",https://www.geonames.org/advanced-search.html?continentCode=&country=GH&fclass=P&q=
qmix,0,Northern,Tamale,9.401,-0.839,65,66,3,17,0.5,partial zone shedding,"Simulated controlled shedding only. Points represent aggregate zones, not affected premises or feeders. Residual imbalance is not located. Episode times are illustrative, not a real outage forecast.",https://www.geonames.org/advanced-search.html?continentCode=&country=GH&fclass=P&q=
qmix,0,Greater Accra,Accra,5.556,-0.197,66,67,3,18,0.25,partial zone shedding,"Simulated controlled shedding only. Points represent aggregate zones, not affected premises or feeders. Residual imbalance is not located. Episode times are illustrative, not a real outage forecast.",https://www.geonames.org/advanced-search.html?continentCode=&country=GH&fclass=P&q=
qmix,0,Ashanti,Kumasi,6.688,-1.624,66,67,3,18,0.5,partial zone shedding,"Simulated controlled shedding only. Points represent aggregate zones, not affected premises or feeders. Residual imbalance is not located. Episode times are illustrative, not a real outage forecast.",https://www.geonames.org/advanced-search.html?continentCode=&country=GH&fclass=P&q=
qmix,0,Western,Sekondi-Takoradi,4.927,-1.758,66,67,3,18,0.5,partial zone shedding,"Simulated controlled shedding only. Points represent aggregate zones, not affected premises or feeders. Residual imbalance is not located. Episode times are illustrative, not a real outage forecast.",https://www.geonames.org/advanced-search.html?continentCode=&country=GH&fclass=P&q=
qmix,0,Volta,Ho,6.601,0.471,66,67,3,18,0.75,partial zone shedding,"Simulated controlled shedding only. Points represent aggregate zones, not affected premises or feeders. Residual imbalance is not located. Episode times are illustrative, not a real outage forecast.",https://www.geonames.org/advanced-search.html?continentCode=&country=GH&fclass=P&q=
qmix,0,Northern,Tamale,9.401,-0.839,66,67,3,18,0.5,partial zone shedding,"Simulated controlled shedding only. Points represent aggregate zones, not affected premises or feeders. Residual imbalance is not located. Episode times are illustrative, not a real outage forecast.",https://www.geonames.org/advanced-search.html?continentCode=&country=GH&fclass=P&q=
qmix,0,Greater Accra,Accra,5.556,-0.197,67,68,3,19,0.25,partial zone shedding,"Simulated controlled shedding only. Points represent aggregate zones, not affected premises or feeders. Residual imbalance is not located. Episode times are illustrative, not a real outage forecast.",https://www.geonames.org/advanced-search.html?continentCode=&country=GH&fclass=P&q=
qmix,0,Ashanti,Kumasi,6.688,-1.624,67,68,3,19,0.25,partial zone shedding,"Simulated controlled shedding only. Points represent aggregate zones, not affected premises or feeders. Residual imbalance is not located. Episode times are illustrative, not a real outage forecast.",https://www.geonames.org/advanced-search.html?continentCode=&country=GH&fclass=P&q=
qmix,0,Western,Sekondi-Takoradi,4.927,-1.758,67,68,3,19,0.5,partial zone shedding,"Simulated controlled shedding only. Points represent aggregate zones, not affected premises or feeders. Residual imbalance is not located. Episode times are illustrative, not a real outage forecast.",https://www.geonames.org/advanced-search.html?continentCode=&country=GH&fclass=P&q=
qmix,0,Volta,Ho,6.601,0.471,67,68,3,19,0.25,partial zone shedding,"Simulated controlled shedding only. Points represent aggregate zones, not affected premises or feeders. Residual imbalance is not located. Episode times are illustrative, not a real outage forecast.",https://www.geonames.org/advanced-search.html?continentCode=&country=GH&fclass=P&q=
qmix,0,Northern,Tamale,9.401,-0.839,67,68,3,19,0.5,partial zone shedding,"Simulated controlled shedding only. Points represent aggregate zones, not affected premises or feeders. Residual imbalance is not located. Episode times are illustrative, not a real outage forecast.",https://www.geonames.org/advanced-search.html?continentCode=&country=GH&fclass=P&q=
qmix,0,Greater Accra,Accra,5.556,-0.197,68,69,3,20,0.25,partial zone shedding,"Simulated controlled shedding only. Points represent aggregate zones, not affected premises or feeders. Residual imbalance is not located. Episode times are illustrative, not a real outage forecast.",https://www.geonames.org/advanced-search.html?continentCode=&country=GH&fclass=P&q=
qmix,0,Ashanti,Kumasi,6.688,-1.624,68,69,3,20,0.25,partial zone shedding,"Simulated controlled shedding only. Points represent aggregate zones, not affected premises or feeders. Residual imbalance is not located. Episode times are illustrative, not a real outage forecast.",https://www.geonames.org/advanced-search.html?continentCode=&country=GH&fclass=P&q=
qmix,0,Western,Sekondi-Takoradi,4.927,-1.758,68,69,3,20,0.5,partial zone shedding,"Simulated controlled shedding only. Points represent aggregate zones, not affected premises or feeders. Residual imbalance is not located. Episode times are illustrative, not a real outage forecast.",https://www.geonames.org/advanced-search.html?continentCode=&country=GH&fclass=P&q=
qmix,0,Volta,Ho,6.601,0.471,68,69,3,20,0.25,partial zone shedding,"Simulated controlled shedding only. Points represent aggregate zones, not affected premises or feeders. Residual imbalance is not located. Episode times are illustrative, not a real outage forecast.",https://www.geonames.org/advanced-search.html?continentCode=&country=GH&fclass=P&q=
qmix,0,Northern,Tamale,9.401,-0.839,68,69,3,20,0.5,partial zone shedding,"Simulated controlled shedding only. Points represent aggregate zones, not affected premises or feeders. Residual imbalance is not located. Episode times are illustrative, not a real outage forecast.",https://www.geonames.org/advanced-search.html?continentCode=&country=GH&fclass=P&q=
qmix,0,Greater Accra,Accra,5.556,-0.197,69,70,3,21,0.25,partial zone shedding,"Simulated controlled shedding only. Points represent aggregate zones, not affected premises or feeders. Residual imbalance is not located. Episode times are illustrative, not a real outage forecast.",https://www.geonames.org/advanced-search.html?continentCode=&country=GH&fclass=P&q=
qmix,0,Ashanti,Kumasi,6.688,-1.624,69,70,3,21,0.25,partial zone shedding,"Simulated controlled shedding only. Points represent aggregate zones, not affected premises or feeders. Residual imbalance is not located. Episode times are illustrative, not a real outage forecast.",https://www.geonames.org/advanced-search.html?continentCode=&country=GH&fclass=P&q=
qmix,0,Western,Sekondi-Takoradi,4.927,-1.758,69,70,3,21,0.5,partial zone shedding,"Simulated controlled shedding only. Points represent aggregate zones, not affected premises or feeders. Residual imbalance is not located. Episode times are illustrative, not a real outage forecast.",https://www.geonames.org/advanced-search.html?continentCode=&country=GH&fclass=P&q=
qmix,0,Volta,Ho,6.601,0.471,69,70,3,21,0.25,partial zone shedding,"Simulated controlled shedding only. Points represent aggregate zones, not affected premises or feeders. Residual imbalance is not located. Episode times are illustrative, not a real outage forecast.",https://www.geonames.org/advanced-search.html?continentCode=&country=GH&fclass=P&q=
qmix,0,Northern,Tamale,9.401,-0.839,69,70,3,21,0.5,partial zone shedding,"Simulated controlled shedding only. Points represent aggregate zones, not affected premises or feeders. Residual imbalance is not located. Episode times are illustrative, not a real outage forecast.",https://www.geonames.org/advanced-search.html?continentCode=&country=GH&fclass=P&q=
qmix,0,Greater Accra,Accra,5.556,-0.197,70,71,3,22,0.25,partial zone shedding,"Simulated controlled shedding only. Points represent aggregate zones, not affected premises or feeders. Residual imbalance is not located. Episode times are illustrative, not a real outage forecast.",https://www.geonames.org/advanced-search.html?continentCode=&country=GH&fclass=P&q=
qmix,0,Ashanti,Kumasi,6.688,-1.624,70,71,3,22,0.5,partial zone shedding,"Simulated controlled shedding only. Points represent aggregate zones, not affected premises or feeders. Residual imbalance is not located. Episode times are illustrative, not a real outage forecast.",https://www.geonames.org/advanced-search.html?continentCode=&country=GH&fclass=P&q=
qmix,0,Western,Sekondi-Takoradi,4.927,-1.758,70,71,3,22,0.5,partial zone shedding,"Simulated controlled shedding only. Points represent aggregate zones, not affected premises or feeders. Residual imbalance is not located. Episode times are illustrative, not a real outage forecast.",https://www.geonames.org/advanced-search.html?continentCode=&country=GH&fclass=P&q=
qmix,0,Volta,Ho,6.601,0.471,70,71,3,22,0.25,partial zone shedding,"Simulated controlled shedding only. Points represent aggregate zones, not affected premises or feeders. Residual imbalance is not located. Episode times are illustrative, not a real outage forecast.",https://www.geonames.org/advanced-search.html?continentCode=&country=GH&fclass=P&q=
qmix,0,Northern,Tamale,9.401,-0.839,70,71,3,22,0.5,partial zone shedding,"Simulated controlled shedding only. Points represent aggregate zones, not affected premises or feeders. Residual imbalance is not located. Episode times are illustrative, not a real outage forecast.",https://www.geonames.org/advanced-search.html?continentCode=&country=GH&fclass=P&q=
qmix,0,Greater Accra,Accra,5.556,-0.197,71,72,3,23,0.25,partial zone shedding,"Simulated controlled shedding only. Points represent aggregate zones, not affected premises or feeders. Residual imbalance is not located. Episode times are illustrative, not a real outage forecast.",https://www.geonames.org/advanced-search.html?continentCode=&country=GH&fclass=P&q=
qmix,0,Ashanti,Kumasi,6.688,-1.624,71,72,3,23,0.5,partial zone shedding,"Simulated controlled shedding only. Points represent aggregate zones, not affected premises or feeders. Residual imbalance is not located. Episode times are illustrative, not a real outage forecast.",https://www.geonames.org/advanced-search.html?continentCode=&country=GH&fclass=P&q=
qmix,0,Western,Sekondi-Takoradi,4.927,-1.758,71,72,3,23,0.5,partial zone shedding,"Simulated controlled shedding only. Points represent aggregate zones, not affected premises or feeders. Residual imbalance is not located. Episode times are illustrative, not a real outage forecast.",https://www.geonames.org/advanced-search.html?continentCode=&country=GH&fclass=P&q=
qmix,0,Volta,Ho,6.601,0.471,71,72,3,23,0.0,no controlled shedding,"Simulated controlled shedding only. Points represent aggregate zones, not affected premises or feeders. Residual imbalance is not located. Episode times are illustrative, not a real outage forecast.",https://www.geonames.org/advanced-search.html?continentCode=&country=GH&fclass=P&q=
qmix,0,Northern,Tamale,9.401,-0.839,71,72,3,23,0.25,partial zone shedding,"Simulated controlled shedding only. Points represent aggregate zones, not affected premises or feeders. Residual imbalance is not located. Episode times are illustrative, not a real outage forecast.",https://www.geonames.org/advanced-search.html?continentCode=&country=GH&fclass=P&q=
qmix,0,Greater Accra,Accra,5.556,-0.197,72,73,4,0,0.0,no controlled shedding,"Simulated controlled shedding only. Points represent aggregate zones, not affected premises or feeders. Residual imbalance is not located. Episode times are illustrative, not a real outage forecast.",https://www.geonames.org/advanced-search.html?continentCode=&country=GH&fclass=P&q=
qmix,0,Ashanti,Kumasi,6.688,-1.624,72,73,4,0,0.25,partial zone shedding,"Simulated controlled shedding only. Points represent aggregate zones, not affected premises or feeders. Residual imbalance is not located. Episode times are illustrative, not a real outage forecast.",https://www.geonames.org/advanced-search.html?continentCode=&country=GH&fclass=P&q=
qmix,0,Western,Sekondi-Takoradi,4.927,-1.758,72,73,4,0,0.25,partial zone shedding,"Simulated controlled shedding only. Points represent aggregate zones, not affected premises or feeders. Residual imbalance is not located. Episode times are illustrative, not a real outage forecast.",https://www.geonames.org/advanced-search.html?continentCode=&country=GH&fclass=P&q=
qmix,0,Volta,Ho,6.601,0.471,72,73,4,0,0.25,partial zone shedding,"Simulated controlled shedding only. Points represent aggregate zones, not affected premises or feeders. Residual imbalance is not located. Episode times are illustrative, not a real outage forecast.",https://www.geonames.org/advanced-search.html?continentCode=&country=GH&fclass=P&q=
qmix,0,Northern,Tamale,9.401,-0.839,72,73,4,0,0.25,partial zone shedding,"Simulated controlled shedding only. Points represent aggregate zones, not affected premises or feeders. Residual imbalance is not located. Episode times are illustrative, not a real outage forecast.",https://www.geonames.org/advanced-search.html?continentCode=&country=GH&fclass=P&q=
qmix,0,Greater Accra,Accra,5.556,-0.197,73,74,4,1,0.25,partial zone shedding,"Simulated controlled shedding only. Points represent aggregate zones, not affected premises or feeders. Residual imbalance is not located. Episode times are illustrative, not a real outage forecast.",https://www.geonames.org/advanced-search.html?continentCode=&country=GH&fclass=P&q=
qmix,0,Ashanti,Kumasi,6.688,-1.624,73,74,4,1,0.25,partial zone shedding,"Simulated controlled shedding only. Points represent aggregate zones, not affected premises or feeders. Residual imbalance is not located. Episode times are illustrative, not a real outage forecast.",https://www.geonames.org/advanced-search.html?continentCode=&country=GH&fclass=P&q=
qmix,0,Western,Sekondi-Takoradi,4.927,-1.758,73,74,4,1,0.25,partial zone shedding,"Simulated controlled shedding only. Points represent aggregate zones, not affected premises or feeders. Residual imbalance is not located. Episode times are illustrative, not a real outage forecast.",https://www.geonames.org/advanced-search.html?continentCode=&country=GH&fclass=P&q=
qmix,0,Volta,Ho,6.601,0.471,73,74,4,1,1.0,full zone shedding,"Simulated controlled shedding only. Points represent aggregate zones, not affected premises or feeders. Residual imbalance is not located. Episode times are illustrative, not a real outage forecast.",https://www.geonames.org/advanced-search.html?continentCode=&country=GH&fclass=P&q=
qmix,0,Northern,Tamale,9.401,-0.839,73,74,4,1,0.25,partial zone shedding,"Simulated controlled shedding only. Points represent aggregate zones, not affected premises or feeders. Residual imbalance is not located. Episode times are illustrative, not a real outage forecast.",https://www.geonames.org/advanced-search.html?continentCode=&country=GH&fclass=P&q=
qmix,0,Greater Accra,Accra,5.556,-0.197,74,75,4,2,0.25,partial zone shedding,"Simulated controlled shedding only. Points represent aggregate zones, not affected premises or feeders. Residual imbalance is not located. Episode times are illustrative, not a real outage forecast.",https://www.geonames.org/advanced-search.html?continentCode=&country=GH&fclass=P&q=
qmix,0,Ashanti,Kumasi,6.688,-1.624,74,75,4,2,0.25,partial zone shedding,"Simulated controlled shedding only. Points represent aggregate zones, not affected premises or feeders. Residual imbalance is not located. Episode times are illustrative, not a real outage forecast.",https://www.geonames.org/advanced-search.html?continentCode=&country=GH&fclass=P&q=
qmix,0,Western,Sekondi-Takoradi,4.927,-1.758,74,75,4,2,0.25,partial zone shedding,"Simulated controlled shedding only. Points represent aggregate zones, not affected premises or feeders. Residual imbalance is not located. Episode times are illustrative, not a real outage forecast.",https://www.geonames.org/advanced-search.html?continentCode=&country=GH&fclass=P&q=
qmix,0,Volta,Ho,6.601,0.471,74,75,4,2,0.0,no controlled shedding,"Simulated controlled shedding only. Points represent aggregate zones, not affected premises or feeders. Residual imbalance is not located. Episode times are illustrative, not a real outage forecast.",https://www.geonames.org/advanced-search.html?continentCode=&country=GH&fclass=P&q=
qmix,0,Northern,Tamale,9.401,-0.839,74,75,4,2,0.25,partial zone shedding,"Simulated controlled shedding only. Points represent aggregate zones, not affected premises or feeders. Residual imbalance is not located. Episode times are illustrative, not a real outage forecast.",https://www.geonames.org/advanced-search.html?continentCode=&country=GH&fclass=P&q=
qmix,0,Greater Accra,Accra,5.556,-0.197,75,76,4,3,0.25,partial zone shedding,"Simulated controlled shedding only. Points represent aggregate zones, not affected premises or feeders. Residual imbalance is not located. Episode times are illustrative, not a real outage forecast.",https://www.geonames.org/advanced-search.html?continentCode=&country=GH&fclass=P&q=
qmix,0,Ashanti,Kumasi,6.688,-1.624,75,76,4,3,0.25,partial zone shedding,"Simulated controlled shedding only. Points represent aggregate zones, not affected premises or feeders. Residual imbalance is not located. Episode times are illustrative, not a real outage forecast.",https://www.geonames.org/advanced-search.html?continentCode=&country=GH&fclass=P&q=
qmix,0,Western,Sekondi-Takoradi,4.927,-1.758,75,76,4,3,0.25,partial zone shedding,"Simulated controlled shedding only. Points represent aggregate zones, not affected premises or feeders. Residual imbalance is not located. Episode times are illustrative, not a real outage forecast.",https://www.geonames.org/advanced-search.html?continentCode=&country=GH&fclass=P&q=
qmix,0,Volta,Ho,6.601,0.471,75,76,4,3,0.0,no controlled shedding,"Simulated controlled shedding only. Points represent aggregate zones, not affected premises or feeders. Residual imbalance is not located. Episode times are illustrative, not a real outage forecast.",https://www.geonames.org/advanced-search.html?continentCode=&country=GH&fclass=P&q=
qmix,0,Northern,Tamale,9.401,-0.839,75,76,4,3,0.25,partial zone shedding,"Simulated controlled shedding only. Points represent aggregate zones, not affected premises or feeders. Residual imbalance is not located. Episode times are illustrative, not a real outage forecast.",https://www.geonames.org/advanced-search.html?continentCode=&country=GH&fclass=P&q=
qmix,0,Greater Accra,Accra,5.556,-0.197,76,77,4,4,0.25,partial zone shedding,"Simulated controlled shedding only. Points represent aggregate zones, not affected premises or feeders. Residual imbalance is not located. Episode times are illustrative, not a real outage forecast.",https://www.geonames.org/advanced-search.html?continentCode=&country=GH&fclass=P&q=
qmix,0,Ashanti,Kumasi,6.688,-1.624,76,77,4,4,0.5,partial zone shedding,"Simulated controlled shedding only. Points represent aggregate zones, not affected premises or feeders. Residual imbalance is not located. Episode times are illustrative, not a real outage forecast.",https://www.geonames.org/advanced-search.html?continentCode=&country=GH&fclass=P&q=
qmix,0,Western,Sekondi-Takoradi,4.927,-1.758,76,77,4,4,0.25,partial zone shedding,"Simulated controlled shedding only. Points represent aggregate zones, not affected premises or feeders. Residual imbalance is not located. Episode times are illustrative, not a real outage forecast.",https://www.geonames.org/advanced-search.html?continentCode=&country=GH&fclass=P&q=
qmix,0,Volta,Ho,6.601,0.471,76,77,4,4,0.0,no controlled shedding,"Simulated controlled shedding only. Points represent aggregate zones, not affected premises or feeders. Residual imbalance is not located. Episode times are illustrative, not a real outage forecast.",https://www.geonames.org/advanced-search.html?continentCode=&country=GH&fclass=P&q=
qmix,0,Northern,Tamale,9.401,-0.839,76,77,4,4,0.25,partial zone shedding,"Simulated controlled shedding only. Points represent aggregate zones, not affected premises or feeders. Residual imbalance is not located. Episode times are illustrative, not a real outage forecast.",https://www.geonames.org/advanced-search.html?continentCode=&country=GH&fclass=P&q=
qmix,0,Greater Accra,Accra,5.556,-0.197,77,78,4,5,0.25,partial zone shedding,"Simulated controlled shedding only. Points represent aggregate zones, not affected premises or feeders. Residual imbalance is not located. Episode times are illustrative, not a real outage forecast.",https://www.geonames.org/advanced-search.html?continentCode=&country=GH&fclass=P&q=
qmix,0,Ashanti,Kumasi,6.688,-1.624,77,78,4,5,0.5,partial zone shedding,"Simulated controlled shedding only. Points represent aggregate zones, not affected premises or feeders. Residual imbalance is not located. Episode times are illustrative, not a real outage forecast.",https://www.geonames.org/advanced-search.html?continentCode=&country=GH&fclass=P&q=
qmix,0,Western,Sekondi-Takoradi,4.927,-1.758,77,78,4,5,0.25,partial zone shedding,"Simulated controlled shedding only. Points represent aggregate zones, not affected premises or feeders. Residual imbalance is not located. Episode times are illustrative, not a real outage forecast.",https://www.geonames.org/advanced-search.html?continentCode=&country=GH&fclass=P&q=
qmix,0,Volta,Ho,6.601,0.471,77,78,4,5,0.25,partial zone shedding,"Simulated controlled shedding only. Points represent aggregate zones, not affected premises or feeders. Residual imbalance is not located. Episode times are illustrative, not a real outage forecast.",https://www.geonames.org/advanced-search.html?continentCode=&country=GH&fclass=P&q=
qmix,0,Northern,Tamale,9.401,-0.839,77,78,4,5,0.25,partial zone shedding,"Simulated controlled shedding only. Points represent aggregate zones, not affected premises or feeders. Residual imbalance is not located. Episode times are illustrative, not a real outage forecast.",https://www.geonames.org/advanced-search.html?continentCode=&country=GH&fclass=P&q=
qmix,0,Greater Accra,Accra,5.556,-0.197,78,79,4,6,0.25,partial zone shedding,"Simulated controlled shedding only. Points represent aggregate zones, not affected premises or feeders. Residual imbalance is not located. Episode times are illustrative, not a real outage forecast.",https://www.geonames.org/advanced-search.html?continentCode=&country=GH&fclass=P&q=
qmix,0,Ashanti,Kumasi,6.688,-1.624,78,79,4,6,0.5,partial zone shedding,"Simulated controlled shedding only. Points represent aggregate zones, not affected premises or feeders. Residual imbalance is not located. Episode times are illustrative, not a real outage forecast.",https://www.geonames.org/advanced-search.html?continentCode=&country=GH&fclass=P&q=
qmix,0,Western,Sekondi-Takoradi,4.927,-1.758,78,79,4,6,0.25,partial zone shedding,"Simulated controlled shedding only. Points represent aggregate zones, not affected premises or feeders. Residual imbalance is not located. Episode times are illustrative, not a real outage forecast.",https://www.geonames.org/advanced-search.html?continentCode=&country=GH&fclass=P&q=
qmix,0,Volta,Ho,6.601,0.471,78,79,4,6,0.25,partial zone shedding,"Simulated controlled shedding only. Points represent aggregate zones, not affected premises or feeders. Residual imbalance is not located. Episode times are illustrative, not a real outage forecast.",https://www.geonames.org/advanced-search.html?continentCode=&country=GH&fclass=P&q=
qmix,0,Northern,Tamale,9.401,-0.839,78,79,4,6,0.25,partial zone shedding,"Simulated controlled shedding only. Points represent aggregate zones, not affected premises or feeders. Residual imbalance is not located. Episode times are illustrative, not a real outage forecast.",https://www.geonames.org/advanced-search.html?continentCode=&country=GH&fclass=P&q=
qmix,0,Greater Accra,Accra,5.556,-0.197,79,80,4,7,0.25,partial zone shedding,"Simulated controlled shedding only. Points represent aggregate zones, not affected premises or feeders. Residual imbalance is not located. Episode times are illustrative, not a real outage forecast.",https://www.geonames.org/advanced-search.html?continentCode=&country=GH&fclass=P&q=
qmix,0,Ashanti,Kumasi,6.688,-1.624,79,80,4,7,0.5,partial zone shedding,"Simulated controlled shedding only. Points represent aggregate zones, not affected premises or feeders. Residual imbalance is not located. Episode times are illustrative, not a real outage forecast.",https://www.geonames.org/advanced-search.html?continentCode=&country=GH&fclass=P&q=
qmix,0,Western,Sekondi-Takoradi,4.927,-1.758,79,80,4,7,0.25,partial zone shedding,"Simulated controlled shedding only. Points represent aggregate zones, not affected premises or feeders. Residual imbalance is not located. Episode times are illustrative, not a real outage forecast.",https://www.geonames.org/advanced-search.html?continentCode=&country=GH&fclass=P&q=
qmix,0,Volta,Ho,6.601,0.471,79,80,4,7,0.5,partial zone shedding,"Simulated controlled shedding only. Points represent aggregate zones, not affected premises or feeders. Residual imbalance is not located. Episode times are illustrative, not a real outage forecast.",https://www.geonames.org/advanced-search.html?continentCode=&country=GH&fclass=P&q=
qmix,0,Northern,Tamale,9.401,-0.839,79,80,4,7,0.25,partial zone shedding,"Simulated controlled shedding only. Points represent aggregate zones, not affected premises or feeders. Residual imbalance is not located. Episode times are illustrative, not a real outage forecast.",https://www.geonames.org/advanced-search.html?continentCode=&country=GH&fclass=P&q=
qmix,0,Greater Accra,Accra,5.556,-0.197,80,81,4,8,0.25,partial zone shedding,"Simulated controlled shedding only. Points represent aggregate zones, not affected premises or feeders. Residual imbalance is not located. Episode times are illustrative, not a real outage forecast.",https://www.geonames.org/advanced-search.html?continentCode=&country=GH&fclass=P&q=
qmix,0,Ashanti,Kumasi,6.688,-1.624,80,81,4,8,0.25,partial zone shedding,"Simulated controlled shedding only. Points represent aggregate zones, not affected premises or feeders. Residual imbalance is not located. Episode times are illustrative, not a real outage forecast.",https://www.geonames.org/advanced-search.html?continentCode=&country=GH&fclass=P&q=
qmix,0,Western,Sekondi-Takoradi,4.927,-1.758,80,81,4,8,0.25,partial zone shedding,"Simulated controlled shedding only. Points represent aggregate zones, not affected premises or feeders. Residual imbalance is not located. Episode times are illustrative, not a real outage forecast.",https://www.geonames.org/advanced-search.html?continentCode=&country=GH&fclass=P&q=
qmix,0,Volta,Ho,6.601,0.471,80,81,4,8,0.25,partial zone shedding,"Simulated controlled shedding only. Points represent aggregate zones, not affected premises or feeders. Residual imbalance is not located. Episode times are illustrative, not a real outage forecast.",https://www.geonames.org/advanced-search.html?continentCode=&country=GH&fclass=P&q=
qmix,0,Northern,Tamale,9.401,-0.839,80,81,4,8,0.5,partial zone shedding,"Simulated controlled shedding only. Points represent aggregate zones, not affected premises or feeders. Residual imbalance is not located. Episode times are illustrative, not a real outage forecast.",https://www.geonames.org/advanced-search.html?continentCode=&country=GH&fclass=P&q=
qmix,0,Greater Accra,Accra,5.556,-0.197,81,82,4,9,0.5,partial zone shedding,"Simulated controlled shedding only. Points represent aggregate zones, not affected premises or feeders. Residual imbalance is not located. Episode times are illustrative, not a real outage forecast.",https://www.geonames.org/advanced-search.html?continentCode=&country=GH&fclass=P&q=
qmix,0,Ashanti,Kumasi,6.688,-1.624,81,82,4,9,0.25,partial zone shedding,"Simulated controlled shedding only. Points represent aggregate zones, not affected premises or feeders. Residual imbalance is not located. Episode times are illustrative, not a real outage forecast.",https://www.geonames.org/advanced-search.html?continentCode=&country=GH&fclass=P&q=
qmix,0,Western,Sekondi-Takoradi,4.927,-1.758,81,82,4,9,0.25,partial zone shedding,"Simulated controlled shedding only. Points represent aggregate zones, not affected premises or feeders. Residual imbalance is not located. Episode times are illustrative, not a real outage forecast.",https://www.geonames.org/advanced-search.html?continentCode=&country=GH&fclass=P&q=
qmix,0,Volta,Ho,6.601,0.471,81,82,4,9,0.25,partial zone shedding,"Simulated controlled shedding only. Points represent aggregate zones, not affected premises or feeders. Residual imbalance is not located. Episode times are illustrative, not a real outage forecast.",https://www.geonames.org/advanced-search.html?continentCode=&country=GH&fclass=P&q=
qmix,0,Northern,Tamale,9.401,-0.839,81,82,4,9,0.5,partial zone shedding,"Simulated controlled shedding only. Points represent aggregate zones, not affected premises or feeders. Residual imbalance is not located. Episode times are illustrative, not a real outage forecast.",https://www.geonames.org/advanced-search.html?continentCode=&country=GH&fclass=P&q=
qmix,0,Greater Accra,Accra,5.556,-0.197,82,83,4,10,0.5,partial zone shedding,"Simulated controlled shedding only. Points represent aggregate zones, not affected premises or feeders. Residual imbalance is not located. Episode times are illustrative, not a real outage forecast.",https://www.geonames.org/advanced-search.html?continentCode=&country=GH&fclass=P&q=
qmix,0,Ashanti,Kumasi,6.688,-1.624,82,83,4,10,0.25,partial zone shedding,"Simulated controlled shedding only. Points represent aggregate zones, not affected premises or feeders. Residual imbalance is not located. Episode times are illustrative, not a real outage forecast.",https://www.geonames.org/advanced-search.html?continentCode=&country=GH&fclass=P&q=
qmix,0,Western,Sekondi-Takoradi,4.927,-1.758,82,83,4,10,0.25,partial zone shedding,"Simulated controlled shedding only. Points represent aggregate zones, not affected premises or feeders. Residual imbalance is not located. Episode times are illustrative, not a real outage forecast.",https://www.geonames.org/advanced-search.html?continentCode=&country=GH&fclass=P&q=
qmix,0,Volta,Ho,6.601,0.471,82,83,4,10,0.25,partial zone shedding,"Simulated controlled shedding only. Points represent aggregate zones, not affected premises or feeders. Residual imbalance is not located. Episode times are illustrative, not a real outage forecast.",https://www.geonames.org/advanced-search.html?continentCode=&country=GH&fclass=P&q=
qmix,0,Northern,Tamale,9.401,-0.839,82,83,4,10,0.25,partial zone shedding,"Simulated controlled shedding only. Points represent aggregate zones, not affected premises or feeders. Residual imbalance is not located. Episode times are illustrative, not a real outage forecast.",https://www.geonames.org/advanced-search.html?continentCode=&country=GH&fclass=P&q=
qmix,0,Greater Accra,Accra,5.556,-0.197,83,84,4,11,0.25,partial zone shedding,"Simulated controlled shedding only. Points represent aggregate zones, not affected premises or feeders. Residual imbalance is not located. Episode times are illustrative, not a real outage forecast.",https://www.geonames.org/advanced-search.html?continentCode=&country=GH&fclass=P&q=
qmix,0,Ashanti,Kumasi,6.688,-1.624,83,84,4,11,0.25,partial zone shedding,"Simulated controlled shedding only. Points represent aggregate zones, not affected premises or feeders. Residual imbalance is not located. Episode times are illustrative, not a real outage forecast.",https://www.geonames.org/advanced-search.html?continentCode=&country=GH&fclass=P&q=
qmix,0,Western,Sekondi-Takoradi,4.927,-1.758,83,84,4,11,0.25,partial zone shedding,"Simulated controlled shedding only. Points represent aggregate zones, not affected premises or feeders. Residual imbalance is not located. Episode times are illustrative, not a real outage forecast.",https://www.geonames.org/advanced-search.html?continentCode=&country=GH&fclass=P&q=
qmix,0,Volta,Ho,6.601,0.471,83,84,4,11,0.25,partial zone shedding,"Simulated controlled shedding only. Points represent aggregate zones, not affected premises or feeders. Residual imbalance is not located. Episode times are illustrative, not a real outage forecast.",https://www.geonames.org/advanced-search.html?continentCode=&country=GH&fclass=P&q=
qmix,0,Northern,Tamale,9.401,-0.839,83,84,4,11,0.5,partial zone shedding,"Simulated controlled shedding only. Points represent aggregate zones, not affected premises or feeders. Residual imbalance is not located. Episode times are illustrative, not a real outage forecast.",https://www.geonames.org/advanced-search.html?continentCode=&country=GH&fclass=P&q=
qmix,0,Greater Accra,Accra,5.556,-0.197,84,85,4,12,0.25,partial zone shedding,"Simulated controlled shedding only. Points represent aggregate zones, not affected premises or feeders. Residual imbalance is not located. Episode times are illustrative, not a real outage forecast.",https://www.geonames.org/advanced-search.html?continentCode=&country=GH&fclass=P&q=
qmix,0,Ashanti,Kumasi,6.688,-1.624,84,85,4,12,0.25,partial zone shedding,"Simulated controlled shedding only. Points represent aggregate zones, not affected premises or feeders. Residual imbalance is not located. Episode times are illustrative, not a real outage forecast.",https://www.geonames.org/advanced-search.html?continentCode=&country=GH&fclass=P&q=
qmix,0,Western,Sekondi-Takoradi,4.927,-1.758,84,85,4,12,0.25,partial zone shedding,"Simulated controlled shedding only. Points represent aggregate zones, not affected premises or feeders. Residual imbalance is not located. Episode times are illustrative, not a real outage forecast.",https://www.geonames.org/advanced-search.html?continentCode=&country=GH&fclass=P&q=
qmix,0,Volta,Ho,6.601,0.471,84,85,4,12,0.0,no controlled shedding,"Simulated controlled shedding only. Points represent aggregate zones, not affected premises or feeders. Residual imbalance is not located. Episode times are illustrative, not a real outage forecast.",https://www.geonames.org/advanced-search.html?continentCode=&country=GH&fclass=P&q=
qmix,0,Northern,Tamale,9.401,-0.839,84,85,4,12,0.5,partial zone shedding,"Simulated controlled shedding only. Points represent aggregate zones, not affected premises or feeders. Residual imbalance is not located. Episode times are illustrative, not a real outage forecast.",https://www.geonames.org/advanced-search.html?continentCode=&country=GH&fclass=P&q=
qmix,0,Greater Accra,Accra,5.556,-0.197,85,86,4,13,0.0,no controlled shedding,"Simulated controlled shedding only. Points represent aggregate zones, not affected premises or feeders. Residual imbalance is not located. Episode times are illustrative, not a real outage forecast.",https://www.geonames.org/advanced-search.html?continentCode=&country=GH&fclass=P&q=
qmix,0,Ashanti,Kumasi,6.688,-1.624,85,86,4,13,0.25,partial zone shedding,"Simulated controlled shedding only. Points represent aggregate zones, not affected premises or feeders. Residual imbalance is not located. Episode times are illustrative, not a real outage forecast.",https://www.geonames.org/advanced-search.html?continentCode=&country=GH&fclass=P&q=
qmix,0,Western,Sekondi-Takoradi,4.927,-1.758,85,86,4,13,0.25,partial zone shedding,"Simulated controlled shedding only. Points represent aggregate zones, not affected premises or feeders. Residual imbalance is not located. Episode times are illustrative, not a real outage forecast.",https://www.geonames.org/advanced-search.html?continentCode=&country=GH&fclass=P&q=
qmix,0,Volta,Ho,6.601,0.471,85,86,4,13,0.25,partial zone shedding,"Simulated controlled shedding only. Points represent aggregate zones, not affected premises or feeders. Residual imbalance is not located. Episode times are illustrative, not a real outage forecast.",https://www.geonames.org/advanced-search.html?continentCode=&country=GH&fclass=P&q=
qmix,0,Northern,Tamale,9.401,-0.839,85,86,4,13,0.5,partial zone shedding,"Simulated controlled shedding only. Points represent aggregate zones, not affected premises or feeders. Residual imbalance is not located. Episode times are illustrative, not a real outage forecast.",https://www.geonames.org/advanced-search.html?continentCode=&country=GH&fclass=P&q=
qmix,0,Greater Accra,Accra,5.556,-0.197,86,87,4,14,0.25,partial zone shedding,"Simulated controlled shedding only. Points represent aggregate zones, not affected premises or feeders. Residual imbalance is not located. Episode times are illustrative, not a real outage forecast.",https://www.geonames.org/advanced-search.html?continentCode=&country=GH&fclass=P&q=
qmix,0,Ashanti,Kumasi,6.688,-1.624,86,87,4,14,0.25,partial zone shedding,"Simulated controlled shedding only. Points represent aggregate zones, not affected premises or feeders. Residual imbalance is not located. Episode times are illustrative, not a real outage forecast.",https://www.geonames.org/advanced-search.html?continentCode=&country=GH&fclass=P&q=
qmix,0,Western,Sekondi-Takoradi,4.927,-1.758,86,87,4,14,0.25,partial zone shedding,"Simulated controlled shedding only. Points represent aggregate zones, not affected premises or feeders. Residual imbalance is not located. Episode times are illustrative, not a real outage forecast.",https://www.geonames.org/advanced-search.html?continentCode=&country=GH&fclass=P&q=
qmix,0,Volta,Ho,6.601,0.471,86,87,4,14,0.25,partial zone shedding,"Simulated controlled shedding only. Points represent aggregate zones, not affected premises or feeders. Residual imbalance is not located. Episode times are illustrative, not a real outage forecast.",https://www.geonames.org/advanced-search.html?continentCode=&country=GH&fclass=P&q=
qmix,0,Northern,Tamale,9.401,-0.839,86,87,4,14,0.5,partial zone shedding,"Simulated controlled shedding only. Points represent aggregate zones, not affected premises or feeders. Residual imbalance is not located. Episode times are illustrative, not a real outage forecast.",https://www.geonames.org/advanced-search.html?continentCode=&country=GH&fclass=P&q=
qmix,0,Greater Accra,Accra,5.556,-0.197,87,88,4,15,0.25,partial zone shedding,"Simulated controlled shedding only. Points represent aggregate zones, not affected premises or feeders. Residual imbalance is not located. Episode times are illustrative, not a real outage forecast.",https://www.geonames.org/advanced-search.html?continentCode=&country=GH&fclass=P&q=
qmix,0,Ashanti,Kumasi,6.688,-1.624,87,88,4,15,0.25,partial zone shedding,"Simulated controlled shedding only. Points represent aggregate zones, not affected premises or feeders. Residual imbalance is not located. Episode times are illustrative, not a real outage forecast.",https://www.geonames.org/advanced-search.html?continentCode=&country=GH&fclass=P&q=
qmix,0,Western,Sekondi-Takoradi,4.927,-1.758,87,88,4,15,0.5,partial zone shedding,"Simulated controlled shedding only. Points represent aggregate zones, not affected premises or feeders. Residual imbalance is not located. Episode times are illustrative, not a real outage forecast.",https://www.geonames.org/advanced-search.html?continentCode=&country=GH&fclass=P&q=
qmix,0,Volta,Ho,6.601,0.471,87,88,4,15,0.25,partial zone shedding,"Simulated controlled shedding only. Points represent aggregate zones, not affected premises or feeders. Residual imbalance is not located. Episode times are illustrative, not a real outage forecast.",https://www.geonames.org/advanced-search.html?continentCode=&country=GH&fclass=P&q=
qmix,0,Northern,Tamale,9.401,-0.839,87,88,4,15,0.5,partial zone shedding,"Simulated controlled shedding only. Points represent aggregate zones, not affected premises or feeders. Residual imbalance is not located. Episode times are illustrative, not a real outage forecast.",https://www.geonames.org/advanced-search.html?continentCode=&country=GH&fclass=P&q=
qmix,0,Greater Accra,Accra,5.556,-0.197,88,89,4,16,0.25,partial zone shedding,"Simulated controlled shedding only. Points represent aggregate zones, not affected premises or feeders. Residual imbalance is not located. Episode times are illustrative, not a real outage forecast.",https://www.geonames.org/advanced-search.html?continentCode=&country=GH&fclass=P&q=
qmix,0,Ashanti,Kumasi,6.688,-1.624,88,89,4,16,0.25,partial zone shedding,"Simulated controlled shedding only. Points represent aggregate zones, not affected premises or feeders. Residual imbalance is not located. Episode times are illustrative, not a real outage forecast.",https://www.geonames.org/advanced-search.html?continentCode=&country=GH&fclass=P&q=
qmix,0,Western,Sekondi-Takoradi,4.927,-1.758,88,89,4,16,0.5,partial zone shedding,"Simulated controlled shedding only. Points represent aggregate zones, not affected premises or feeders. Residual imbalance is not located. Episode times are illustrative, not a real outage forecast.",https://www.geonames.org/advanced-search.html?continentCode=&country=GH&fclass=P&q=
qmix,0,Volta,Ho,6.601,0.471,88,89,4,16,0.25,partial zone shedding,"Simulated controlled shedding only. Points represent aggregate zones, not affected premises or feeders. Residual imbalance is not located. Episode times are illustrative, not a real outage forecast.",https://www.geonames.org/advanced-search.html?continentCode=&country=GH&fclass=P&q=
qmix,0,Northern,Tamale,9.401,-0.839,88,89,4,16,0.5,partial zone shedding,"Simulated controlled shedding only. Points represent aggregate zones, not affected premises or feeders. Residual imbalance is not located. Episode times are illustrative, not a real outage forecast.",https://www.geonames.org/advanced-search.html?continentCode=&country=GH&fclass=P&q=
qmix,0,Greater Accra,Accra,5.556,-0.197,89,90,4,17,0.25,partial zone shedding,"Simulated controlled shedding only. Points represent aggregate zones, not affected premises or feeders. Residual imbalance is not located. Episode times are illustrative, not a real outage forecast.",https://www.geonames.org/advanced-search.html?continentCode=&country=GH&fclass=P&q=
qmix,0,Ashanti,Kumasi,6.688,-1.624,89,90,4,17,0.5,partial zone shedding,"Simulated controlled shedding only. Points represent aggregate zones, not affected premises or feeders. Residual imbalance is not located. Episode times are illustrative, not a real outage forecast.",https://www.geonames.org/advanced-search.html?continentCode=&country=GH&fclass=P&q=
qmix,0,Western,Sekondi-Takoradi,4.927,-1.758,89,90,4,17,0.5,partial zone shedding,"Simulated controlled shedding only. Points represent aggregate zones, not affected premises or feeders. Residual imbalance is not located. Episode times are illustrative, not a real outage forecast.",https://www.geonames.org/advanced-search.html?continentCode=&country=GH&fclass=P&q=
qmix,0,Volta,Ho,6.601,0.471,89,90,4,17,0.25,partial zone shedding,"Simulated controlled shedding only. Points represent aggregate zones, not affected premises or feeders. Residual imbalance is not located. Episode times are illustrative, not a real outage forecast.",https://www.geonames.org/advanced-search.html?continentCode=&country=GH&fclass=P&q=
qmix,0,Northern,Tamale,9.401,-0.839,89,90,4,17,0.5,partial zone shedding,"Simulated controlled shedding only. Points represent aggregate zones, not affected premises or feeders. Residual imbalance is not located. Episode times are illustrative, not a real outage forecast.",https://www.geonames.org/advanced-search.html?continentCode=&country=GH&fclass=P&q=
qmix,0,Greater Accra,Accra,5.556,-0.197,90,91,4,18,0.25,partial zone shedding,"Simulated controlled shedding only. Points represent aggregate zones, not affected premises or feeders. Residual imbalance is not located. Episode times are illustrative, not a real outage forecast.",https://www.geonames.org/advanced-search.html?continentCode=&country=GH&fclass=P&q=
qmix,0,Ashanti,Kumasi,6.688,-1.624,90,91,4,18,0.25,partial zone shedding,"Simulated controlled shedding only. Points represent aggregate zones, not affected premises or feeders. Residual imbalance is not located. Episode times are illustrative, not a real outage forecast.",https://www.geonames.org/advanced-search.html?continentCode=&country=GH&fclass=P&q=
qmix,0,Western,Sekondi-Takoradi,4.927,-1.758,90,91,4,18,0.5,partial zone shedding,"Simulated controlled shedding only. Points represent aggregate zones, not affected premises or feeders. Residual imbalance is not located. Episode times are illustrative, not a real outage forecast.",https://www.geonames.org/advanced-search.html?continentCode=&country=GH&fclass=P&q=
qmix,0,Volta,Ho,6.601,0.471,90,91,4,18,0.25,partial zone shedding,"Simulated controlled shedding only. Points represent aggregate zones, not affected premises or feeders. Residual imbalance is not located. Episode times are illustrative, not a real outage forecast.",https://www.geonames.org/advanced-search.html?continentCode=&country=GH&fclass=P&q=
qmix,0,Northern,Tamale,9.401,-0.839,90,91,4,18,0.5,partial zone shedding,"Simulated controlled shedding only. Points represent aggregate zones, not affected premises or feeders. Residual imbalance is not located. Episode times are illustrative, not a real outage forecast.",https://www.geonames.org/advanced-search.html?continentCode=&country=GH&fclass=P&q=
qmix,0,Greater Accra,Accra,5.556,-0.197,91,92,4,19,0.5,partial zone shedding,"Simulated controlled shedding only. Points represent aggregate zones, not affected premises or feeders. Residual imbalance is not located. Episode times are illustrative, not a real outage forecast.",https://www.geonames.org/advanced-search.html?continentCode=&country=GH&fclass=P&q=
qmix,0,Ashanti,Kumasi,6.688,-1.624,91,92,4,19,0.5,partial zone shedding,"Simulated controlled shedding only. Points represent aggregate zones, not affected premises or feeders. Residual imbalance is not located. Episode times are illustrative, not a real outage forecast.",https://www.geonames.org/advanced-search.html?continentCode=&country=GH&fclass=P&q=
qmix,0,Western,Sekondi-Takoradi,4.927,-1.758,91,92,4,19,0.5,partial zone shedding,"Simulated controlled shedding only. Points represent aggregate zones, not affected premises or feeders. Residual imbalance is not located. Episode times are illustrative, not a real outage forecast.",https://www.geonames.org/advanced-search.html?continentCode=&country=GH&fclass=P&q=
qmix,0,Volta,Ho,6.601,0.471,91,92,4,19,0.75,partial zone shedding,"Simulated controlled shedding only. Points represent aggregate zones, not affected premises or feeders. Residual imbalance is not located. Episode times are illustrative, not a real outage forecast.",https://www.geonames.org/advanced-search.html?continentCode=&country=GH&fclass=P&q=
qmix,0,Northern,Tamale,9.401,-0.839,91,92,4,19,0.5,partial zone shedding,"Simulated controlled shedding only. Points represent aggregate zones, not affected premises or feeders. Residual imbalance is not located. Episode times are illustrative, not a real outage forecast.",https://www.geonames.org/advanced-search.html?continentCode=&country=GH&fclass=P&q=
qmix,0,Greater Accra,Accra,5.556,-0.197,92,93,4,20,0.25,partial zone shedding,"Simulated controlled shedding only. Points represent aggregate zones, not affected premises or feeders. Residual imbalance is not located. Episode times are illustrative, not a real outage forecast.",https://www.geonames.org/advanced-search.html?continentCode=&country=GH&fclass=P&q=
qmix,0,Ashanti,Kumasi,6.688,-1.624,92,93,4,20,0.25,partial zone shedding,"Simulated controlled shedding only. Points represent aggregate zones, not affected premises or feeders. Residual imbalance is not located. Episode times are illustrative, not a real outage forecast.",https://www.geonames.org/advanced-search.html?continentCode=&country=GH&fclass=P&q=
qmix,0,Western,Sekondi-Takoradi,4.927,-1.758,92,93,4,20,0.25,partial zone shedding,"Simulated controlled shedding only. Points represent aggregate zones, not affected premises or feeders. Residual imbalance is not located. Episode times are illustrative, not a real outage forecast.",https://www.geonames.org/advanced-search.html?continentCode=&country=GH&fclass=P&q=
qmix,0,Volta,Ho,6.601,0.471,92,93,4,20,0.25,partial zone shedding,"Simulated controlled shedding only. Points represent aggregate zones, not affected premises or feeders. Residual imbalance is not located. Episode times are illustrative, not a real outage forecast.",https://www.geonames.org/advanced-search.html?continentCode=&country=GH&fclass=P&q=
qmix,0,Northern,Tamale,9.401,-0.839,92,93,4,20,0.5,partial zone shedding,"Simulated controlled shedding only. Points represent aggregate zones, not affected premises or feeders. Residual imbalance is not located. Episode times are illustrative, not a real outage forecast.",https://www.geonames.org/advanced-search.html?continentCode=&country=GH&fclass=P&q=
qmix,0,Greater Accra,Accra,5.556,-0.197,93,94,4,21,0.25,partial zone shedding,"Simulated controlled shedding only. Points represent aggregate zones, not affected premises or feeders. Residual imbalance is not located. Episode times are illustrative, not a real outage forecast.",https://www.geonames.org/advanced-search.html?continentCode=&country=GH&fclass=P&q=
qmix,0,Ashanti,Kumasi,6.688,-1.624,93,94,4,21,0.25,partial zone shedding,"Simulated controlled shedding only. Points represent aggregate zones, not affected premises or feeders. Residual imbalance is not located. Episode times are illustrative, not a real outage forecast.",https://www.geonames.org/advanced-search.html?continentCode=&country=GH&fclass=P&q=
qmix,0,Western,Sekondi-Takoradi,4.927,-1.758,93,94,4,21,0.25,partial zone shedding,"Simulated controlled shedding only. Points represent aggregate zones, not affected premises or feeders. Residual imbalance is not located. Episode times are illustrative, not a real outage forecast.",https://www.geonames.org/advanced-search.html?continentCode=&country=GH&fclass=P&q=
qmix,0,Volta,Ho,6.601,0.471,93,94,4,21,0.75,partial zone shedding,"Simulated controlled shedding only. Points represent aggregate zones, not affected premises or feeders. Residual imbalance is not located. Episode times are illustrative, not a real outage forecast.",https://www.geonames.org/advanced-search.html?continentCode=&country=GH&fclass=P&q=
qmix,0,Northern,Tamale,9.401,-0.839,93,94,4,21,0.5,partial zone shedding,"Simulated controlled shedding only. Points represent aggregate zones, not affected premises or feeders. Residual imbalance is not located. Episode times are illustrative, not a real outage forecast.",https://www.geonames.org/advanced-search.html?continentCode=&country=GH&fclass=P&q=
qmix,0,Greater Accra,Accra,5.556,-0.197,94,95,4,22,0.25,partial zone shedding,"Simulated controlled shedding only. Points represent aggregate zones, not affected premises or feeders. Residual imbalance is not located. Episode times are illustrative, not a real outage forecast.",https://www.geonames.org/advanced-search.html?continentCode=&country=GH&fclass=P&q=
qmix,0,Ashanti,Kumasi,6.688,-1.624,94,95,4,22,0.5,partial zone shedding,"Simulated controlled shedding only. Points represent aggregate zones, not affected premises or feeders. Residual imbalance is not located. Episode times are illustrative, not a real outage forecast.",https://www.geonames.org/advanced-search.html?continentCode=&country=GH&fclass=P&q=
qmix,0,Western,Sekondi-Takoradi,4.927,-1.758,94,95,4,22,0.5,partial zone shedding,"Simulated controlled shedding only. Points represent aggregate zones, not affected premises or feeders. Residual imbalance is not located. Episode times are illustrative, not a real outage forecast.",https://www.geonames.org/advanced-search.html?continentCode=&country=GH&fclass=P&q=
qmix,0,Volta,Ho,6.601,0.471,94,95,4,22,1.0,full zone shedding,"Simulated controlled shedding only. Points represent aggregate zones, not affected premises or feeders. Residual imbalance is not located. Episode times are illustrative, not a real outage forecast.",https://www.geonames.org/advanced-search.html?continentCode=&country=GH&fclass=P&q=
qmix,0,Northern,Tamale,9.401,-0.839,94,95,4,22,0.5,partial zone shedding,"Simulated controlled shedding only. Points represent aggregate zones, not affected premises or feeders. Residual imbalance is not located. Episode times are illustrative, not a real outage forecast.",https://www.geonames.org/advanced-search.html?continentCode=&country=GH&fclass=P&q=
qmix,0,Greater Accra,Accra,5.556,-0.197,95,96,4,23,0.25,partial zone shedding,"Simulated controlled shedding only. Points represent aggregate zones, not affected premises or feeders. Residual imbalance is not located. Episode times are illustrative, not a real outage forecast.",https://www.geonames.org/advanced-search.html?continentCode=&country=GH&fclass=P&q=
qmix,0,Ashanti,Kumasi,6.688,-1.624,95,96,4,23,0.25,partial zone shedding,"Simulated controlled shedding only. Points represent aggregate zones, not affected premises or feeders. Residual imbalance is not located. Episode times are illustrative, not a real outage forecast.",https://www.geonames.org/advanced-search.html?continentCode=&country=GH&fclass=P&q=
qmix,0,Western,Sekondi-Takoradi,4.927,-1.758,95,96,4,23,0.5,partial zone shedding,"Simulated controlled shedding only. Points represent aggregate zones, not affected premises or feeders. Residual imbalance is not located. Episode times are illustrative, not a real outage forecast.",https://www.geonames.org/advanced-search.html?continentCode=&country=GH&fclass=P&q=
qmix,0,Volta,Ho,6.601,0.471,95,96,4,23,1.0,full zone shedding,"Simulated controlled shedding only. Points represent aggregate zones, not affected premises or feeders. Residual imbalance is not located. Episode times are illustrative, not a real outage forecast.",https://www.geonames.org/advanced-search.html?continentCode=&country=GH&fclass=P&q=
qmix,0,Northern,Tamale,9.401,-0.839,95,96,4,23,0.5,partial zone shedding,"Simulated controlled shedding only. Points represent aggregate zones, not affected premises or feeders. Residual imbalance is not located. Episode times are illustrative, not a real outage forecast.",https://www.geonames.org/advanced-search.html?continentCode=&country=GH&fclass=P&q=
qmix,0,Greater Accra,Accra,5.556,-0.197,96,97,5,0,0.0,no controlled shedding,"Simulated controlled shedding only. Points represent aggregate zones, not affected premises or feeders. Residual imbalance is not located. Episode times are illustrative, not a real outage forecast.",https://www.geonames.org/advanced-search.html?continentCode=&country=GH&fclass=P&q=
qmix,0,Ashanti,Kumasi,6.688,-1.624,96,97,5,0,0.25,partial zone shedding,"Simulated controlled shedding only. Points represent aggregate zones, not affected premises or feeders. Residual imbalance is not located. Episode times are illustrative, not a real outage forecast.",https://www.geonames.org/advanced-search.html?continentCode=&country=GH&fclass=P&q=
qmix,0,Western,Sekondi-Takoradi,4.927,-1.758,96,97,5,0,0.0,no controlled shedding,"Simulated controlled shedding only. Points represent aggregate zones, not affected premises or feeders. Residual imbalance is not located. Episode times are illustrative, not a real outage forecast.",https://www.geonames.org/advanced-search.html?continentCode=&country=GH&fclass=P&q=
qmix,0,Volta,Ho,6.601,0.471,96,97,5,0,0.25,partial zone shedding,"Simulated controlled shedding only. Points represent aggregate zones, not affected premises or feeders. Residual imbalance is not located. Episode times are illustrative, not a real outage forecast.",https://www.geonames.org/advanced-search.html?continentCode=&country=GH&fclass=P&q=
qmix,0,Northern,Tamale,9.401,-0.839,96,97,5,0,0.25,partial zone shedding,"Simulated controlled shedding only. Points represent aggregate zones, not affected premises or feeders. Residual imbalance is not located. Episode times are illustrative, not a real outage forecast.",https://www.geonames.org/advanced-search.html?continentCode=&country=GH&fclass=P&q=
qmix,0,Greater Accra,Accra,5.556,-0.197,97,98,5,1,0.0,no controlled shedding,"Simulated controlled shedding only. Points represent aggregate zones, not affected premises or feeders. Residual imbalance is not located. Episode times are illustrative, not a real outage forecast.",https://www.geonames.org/advanced-search.html?continentCode=&country=GH&fclass=P&q=
qmix,0,Ashanti,Kumasi,6.688,-1.624,97,98,5,1,0.25,partial zone shedding,"Simulated controlled shedding only. Points represent aggregate zones, not affected premises or feeders. Residual imbalance is not located. Episode times are illustrative, not a real outage forecast.",https://www.geonames.org/advanced-search.html?continentCode=&country=GH&fclass=P&q=
qmix,0,Western,Sekondi-Takoradi,4.927,-1.758,97,98,5,1,0.0,no controlled shedding,"Simulated controlled shedding only. Points represent aggregate zones, not affected premises or feeders. Residual imbalance is not located. Episode times are illustrative, not a real outage forecast.",https://www.geonames.org/advanced-search.html?continentCode=&country=GH&fclass=P&q=
qmix,0,Volta,Ho,6.601,0.471,97,98,5,1,0.0,no controlled shedding,"Simulated controlled shedding only. Points represent aggregate zones, not affected premises or feeders. Residual imbalance is not located. Episode times are illustrative, not a real outage forecast.",https://www.geonames.org/advanced-search.html?continentCode=&country=GH&fclass=P&q=
qmix,0,Northern,Tamale,9.401,-0.839,97,98,5,1,0.25,partial zone shedding,"Simulated controlled shedding only. Points represent aggregate zones, not affected premises or feeders. Residual imbalance is not located. Episode times are illustrative, not a real outage forecast.",https://www.geonames.org/advanced-search.html?continentCode=&country=GH&fclass=P&q=
qmix,0,Greater Accra,Accra,5.556,-0.197,98,99,5,2,0.25,partial zone shedding,"Simulated controlled shedding only. Points represent aggregate zones, not affected premises or feeders. Residual imbalance is not located. Episode times are illustrative, not a real outage forecast.",https://www.geonames.org/advanced-search.html?continentCode=&country=GH&fclass=P&q=
qmix,0,Ashanti,Kumasi,6.688,-1.624,98,99,5,2,0.25,partial zone shedding,"Simulated controlled shedding only. Points represent aggregate zones, not affected premises or feeders. Residual imbalance is not located. Episode times are illustrative, not a real outage forecast.",https://www.geonames.org/advanced-search.html?continentCode=&country=GH&fclass=P&q=
qmix,0,Western,Sekondi-Takoradi,4.927,-1.758,98,99,5,2,0.0,no controlled shedding,"Simulated controlled shedding only. Points represent aggregate zones, not affected premises or feeders. Residual imbalance is not located. Episode times are illustrative, not a real outage forecast.",https://www.geonames.org/advanced-search.html?continentCode=&country=GH&fclass=P&q=
qmix,0,Volta,Ho,6.601,0.471,98,99,5,2,0.25,partial zone shedding,"Simulated controlled shedding only. Points represent aggregate zones, not affected premises or feeders. Residual imbalance is not located. Episode times are illustrative, not a real outage forecast.",https://www.geonames.org/advanced-search.html?continentCode=&country=GH&fclass=P&q=
qmix,0,Northern,Tamale,9.401,-0.839,98,99,5,2,0.25,partial zone shedding,"Simulated controlled shedding only. Points represent aggregate zones, not affected premises or feeders. Residual imbalance is not located. Episode times are illustrative, not a real outage forecast.",https://www.geonames.org/advanced-search.html?continentCode=&country=GH&fclass=P&q=
qmix,0,Greater Accra,Accra,5.556,-0.197,99,100,5,3,0.25,partial zone shedding,"Simulated controlled shedding only. Points represent aggregate zones, not affected premises or feeders. Residual imbalance is not located. Episode times are illustrative, not a real outage forecast.",https://www.geonames.org/advanced-search.html?continentCode=&country=GH&fclass=P&q=
qmix,0,Ashanti,Kumasi,6.688,-1.624,99,100,5,3,0.25,partial zone shedding,"Simulated controlled shedding only. Points represent aggregate zones, not affected premises or feeders. Residual imbalance is not located. Episode times are illustrative, not a real outage forecast.",https://www.geonames.org/advanced-search.html?continentCode=&country=GH&fclass=P&q=
qmix,0,Western,Sekondi-Takoradi,4.927,-1.758,99,100,5,3,0.0,no controlled shedding,"Simulated controlled shedding only. Points represent aggregate zones, not affected premises or feeders. Residual imbalance is not located. Episode times are illustrative, not a real outage forecast.",https://www.geonames.org/advanced-search.html?continentCode=&country=GH&fclass=P&q=
qmix,0,Volta,Ho,6.601,0.471,99,100,5,3,0.25,partial zone shedding,"Simulated controlled shedding only. Points represent aggregate zones, not affected premises or feeders. Residual imbalance is not located. Episode times are illustrative, not a real outage forecast.",https://www.geonames.org/advanced-search.html?continentCode=&country=GH&fclass=P&q=
qmix,0,Northern,Tamale,9.401,-0.839,99,100,5,3,0.25,partial zone shedding,"Simulated controlled shedding only. Points represent aggregate zones, not affected premises or feeders. Residual imbalance is not located. Episode times are illustrative, not a real outage forecast.",https://www.geonames.org/advanced-search.html?continentCode=&country=GH&fclass=P&q=
qmix,0,Greater Accra,Accra,5.556,-0.197,100,101,5,4,0.0,no controlled shedding,"Simulated controlled shedding only. Points represent aggregate zones, not affected premises or feeders. Residual imbalance is not located. Episode times are illustrative, not a real outage forecast.",https://www.geonames.org/advanced-search.html?continentCode=&country=GH&fclass=P&q=
qmix,0,Ashanti,Kumasi,6.688,-1.624,100,101,5,4,0.25,partial zone shedding,"Simulated controlled shedding only. Points represent aggregate zones, not affected premises or feeders. Residual imbalance is not located. Episode times are illustrative, not a real outage forecast.",https://www.geonames.org/advanced-search.html?continentCode=&country=GH&fclass=P&q=
qmix,0,Western,Sekondi-Takoradi,4.927,-1.758,100,101,5,4,0.0,no controlled shedding,"Simulated controlled shedding only. Points represent aggregate zones, not affected premises or feeders. Residual imbalance is not located. Episode times are illustrative, not a real outage forecast.",https://www.geonames.org/advanced-search.html?continentCode=&country=GH&fclass=P&q=
qmix,0,Volta,Ho,6.601,0.471,100,101,5,4,0.25,partial zone shedding,"Simulated controlled shedding only. Points represent aggregate zones, not affected premises or feeders. Residual imbalance is not located. Episode times are illustrative, not a real outage forecast.",https://www.geonames.org/advanced-search.html?continentCode=&country=GH&fclass=P&q=
qmix,0,Northern,Tamale,9.401,-0.839,100,101,5,4,0.25,partial zone shedding,"Simulated controlled shedding only. Points represent aggregate zones, not affected premises or feeders. Residual imbalance is not located. Episode times are illustrative, not a real outage forecast.",https://www.geonames.org/advanced-search.html?continentCode=&country=GH&fclass=P&q=
qmix,0,Greater Accra,Accra,5.556,-0.197,101,102,5,5,0.25,partial zone shedding,"Simulated controlled shedding only. Points represent aggregate zones, not affected premises or feeders. Residual imbalance is not located. Episode times are illustrative, not a real outage forecast.",https://www.geonames.org/advanced-search.html?continentCode=&country=GH&fclass=P&q=
qmix,0,Ashanti,Kumasi,6.688,-1.624,101,102,5,5,0.25,partial zone shedding,"Simulated controlled shedding only. Points represent aggregate zones, not affected premises or feeders. Residual imbalance is not located. Episode times are illustrative, not a real outage forecast.",https://www.geonames.org/advanced-search.html?continentCode=&country=GH&fclass=P&q=
qmix,0,Western,Sekondi-Takoradi,4.927,-1.758,101,102,5,5,0.25,partial zone shedding,"Simulated controlled shedding only. Points represent aggregate zones, not affected premises or feeders. Residual imbalance is not located. Episode times are illustrative, not a real outage forecast.",https://www.geonames.org/advanced-search.html?continentCode=&country=GH&fclass=P&q=
qmix,0,Volta,Ho,6.601,0.471,101,102,5,5,0.25,partial zone shedding,"Simulated controlled shedding only. Points represent aggregate zones, not affected premises or feeders. Residual imbalance is not located. Episode times are illustrative, not a real outage forecast.",https://www.geonames.org/advanced-search.html?continentCode=&country=GH&fclass=P&q=
qmix,0,Northern,Tamale,9.401,-0.839,101,102,5,5,0.25,partial zone shedding,"Simulated controlled shedding only. Points represent aggregate zones, not affected premises or feeders. Residual imbalance is not located. Episode times are illustrative, not a real outage forecast.",https://www.geonames.org/advanced-search.html?continentCode=&country=GH&fclass=P&q=
qmix,0,Greater Accra,Accra,5.556,-0.197,102,103,5,6,0.5,partial zone shedding,"Simulated controlled shedding only. Points represent aggregate zones, not affected premises or feeders. Residual imbalance is not located. Episode times are illustrative, not a real outage forecast.",https://www.geonames.org/advanced-search.html?continentCode=&country=GH&fclass=P&q=
qmix,0,Ashanti,Kumasi,6.688,-1.624,102,103,5,6,0.25,partial zone shedding,"Simulated controlled shedding only. Points represent aggregate zones, not affected premises or feeders. Residual imbalance is not located. Episode times are illustrative, not a real outage forecast.",https://www.geonames.org/advanced-search.html?continentCode=&country=GH&fclass=P&q=
qmix,0,Western,Sekondi-Takoradi,4.927,-1.758,102,103,5,6,0.25,partial zone shedding,"Simulated controlled shedding only. Points represent aggregate zones, not affected premises or feeders. Residual imbalance is not located. Episode times are illustrative, not a real outage forecast.",https://www.geonames.org/advanced-search.html?continentCode=&country=GH&fclass=P&q=
qmix,0,Volta,Ho,6.601,0.471,102,103,5,6,0.25,partial zone shedding,"Simulated controlled shedding only. Points represent aggregate zones, not affected premises or feeders. Residual imbalance is not located. Episode times are illustrative, not a real outage forecast.",https://www.geonames.org/advanced-search.html?continentCode=&country=GH&fclass=P&q=
qmix,0,Northern,Tamale,9.401,-0.839,102,103,5,6,0.25,partial zone shedding,"Simulated controlled shedding only. Points represent aggregate zones, not affected premises or feeders. Residual imbalance is not located. Episode times are illustrative, not a real outage forecast.",https://www.geonames.org/advanced-search.html?continentCode=&country=GH&fclass=P&q=
qmix,0,Greater Accra,Accra,5.556,-0.197,103,104,5,7,0.5,partial zone shedding,"Simulated controlled shedding only. Points represent aggregate zones, not affected premises or feeders. Residual imbalance is not located. Episode times are illustrative, not a real outage forecast.",https://www.geonames.org/advanced-search.html?continentCode=&country=GH&fclass=P&q=
qmix,0,Ashanti,Kumasi,6.688,-1.624,103,104,5,7,0.25,partial zone shedding,"Simulated controlled shedding only. Points represent aggregate zones, not affected premises or feeders. Residual imbalance is not located. Episode times are illustrative, not a real outage forecast.",https://www.geonames.org/advanced-search.html?continentCode=&country=GH&fclass=P&q=
qmix,0,Western,Sekondi-Takoradi,4.927,-1.758,103,104,5,7,0.5,partial zone shedding,"Simulated controlled shedding only. Points represent aggregate zones, not affected premises or feeders. Residual imbalance is not located. Episode times are illustrative, not a real outage forecast.",https://www.geonames.org/advanced-search.html?continentCode=&country=GH&fclass=P&q=
qmix,0,Volta,Ho,6.601,0.471,103,104,5,7,0.5,partial zone shedding,"Simulated controlled shedding only. Points represent aggregate zones, not affected premises or feeders. Residual imbalance is not located. Episode times are illustrative, not a real outage forecast.",https://www.geonames.org/advanced-search.html?continentCode=&country=GH&fclass=P&q=
qmix,0,Northern,Tamale,9.401,-0.839,103,104,5,7,0.5,partial zone shedding,"Simulated controlled shedding only. Points represent aggregate zones, not affected premises or feeders. Residual imbalance is not located. Episode times are illustrative, not a real outage forecast.",https://www.geonames.org/advanced-search.html?continentCode=&country=GH&fclass=P&q=
qmix,0,Greater Accra,Accra,5.556,-0.197,104,105,5,8,0.5,partial zone shedding,"Simulated controlled shedding only. Points represent aggregate zones, not affected premises or feeders. Residual imbalance is not located. Episode times are illustrative, not a real outage forecast.",https://www.geonames.org/advanced-search.html?continentCode=&country=GH&fclass=P&q=
qmix,0,Ashanti,Kumasi,6.688,-1.624,104,105,5,8,0.25,partial zone shedding,"Simulated controlled shedding only. Points represent aggregate zones, not affected premises or feeders. Residual imbalance is not located. Episode times are illustrative, not a real outage forecast.",https://www.geonames.org/advanced-search.html?continentCode=&country=GH&fclass=P&q=
qmix,0,Western,Sekondi-Takoradi,4.927,-1.758,104,105,5,8,0.25,partial zone shedding,"Simulated controlled shedding only. Points represent aggregate zones, not affected premises or feeders. Residual imbalance is not located. Episode times are illustrative, not a real outage forecast.",https://www.geonames.org/advanced-search.html?continentCode=&country=GH&fclass=P&q=
qmix,0,Volta,Ho,6.601,0.471,104,105,5,8,0.25,partial zone shedding,"Simulated controlled shedding only. Points represent aggregate zones, not affected premises or feeders. Residual imbalance is not located. Episode times are illustrative, not a real outage forecast.",https://www.geonames.org/advanced-search.html?continentCode=&country=GH&fclass=P&q=
qmix,0,Northern,Tamale,9.401,-0.839,104,105,5,8,0.5,partial zone shedding,"Simulated controlled shedding only. Points represent aggregate zones, not affected premises or feeders. Residual imbalance is not located. Episode times are illustrative, not a real outage forecast.",https://www.geonames.org/advanced-search.html?continentCode=&country=GH&fclass=P&q=
qmix,0,Greater Accra,Accra,5.556,-0.197,105,106,5,9,0.5,partial zone shedding,"Simulated controlled shedding only. Points represent aggregate zones, not affected premises or feeders. Residual imbalance is not located. Episode times are illustrative, not a real outage forecast.",https://www.geonames.org/advanced-search.html?continentCode=&country=GH&fclass=P&q=
qmix,0,Ashanti,Kumasi,6.688,-1.624,105,106,5,9,0.25,partial zone shedding,"Simulated controlled shedding only. Points represent aggregate zones, not affected premises or feeders. Residual imbalance is not located. Episode times are illustrative, not a real outage forecast.",https://www.geonames.org/advanced-search.html?continentCode=&country=GH&fclass=P&q=
qmix,0,Western,Sekondi-Takoradi,4.927,-1.758,105,106,5,9,0.0,no controlled shedding,"Simulated controlled shedding only. Points represent aggregate zones, not affected premises or feeders. Residual imbalance is not located. Episode times are illustrative, not a real outage forecast.",https://www.geonames.org/advanced-search.html?continentCode=&country=GH&fclass=P&q=
qmix,0,Volta,Ho,6.601,0.471,105,106,5,9,0.25,partial zone shedding,"Simulated controlled shedding only. Points represent aggregate zones, not affected premises or feeders. Residual imbalance is not located. Episode times are illustrative, not a real outage forecast.",https://www.geonames.org/advanced-search.html?continentCode=&country=GH&fclass=P&q=
qmix,0,Northern,Tamale,9.401,-0.839,105,106,5,9,0.5,partial zone shedding,"Simulated controlled shedding only. Points represent aggregate zones, not affected premises or feeders. Residual imbalance is not located. Episode times are illustrative, not a real outage forecast.",https://www.geonames.org/advanced-search.html?continentCode=&country=GH&fclass=P&q=
qmix,0,Greater Accra,Accra,5.556,-0.197,106,107,5,10,0.5,partial zone shedding,"Simulated controlled shedding only. Points represent aggregate zones, not affected premises or feeders. Residual imbalance is not located. Episode times are illustrative, not a real outage forecast.",https://www.geonames.org/advanced-search.html?continentCode=&country=GH&fclass=P&q=
qmix,0,Ashanti,Kumasi,6.688,-1.624,106,107,5,10,0.25,partial zone shedding,"Simulated controlled shedding only. Points represent aggregate zones, not affected premises or feeders. Residual imbalance is not located. Episode times are illustrative, not a real outage forecast.",https://www.geonames.org/advanced-search.html?continentCode=&country=GH&fclass=P&q=
qmix,0,Western,Sekondi-Takoradi,4.927,-1.758,106,107,5,10,0.25,partial zone shedding,"Simulated controlled shedding only. Points represent aggregate zones, not affected premises or feeders. Residual imbalance is not located. Episode times are illustrative, not a real outage forecast.",https://www.geonames.org/advanced-search.html?continentCode=&country=GH&fclass=P&q=
qmix,0,Volta,Ho,6.601,0.471,106,107,5,10,0.25,partial zone shedding,"Simulated controlled shedding only. Points represent aggregate zones, not affected premises or feeders. Residual imbalance is not located. Episode times are illustrative, not a real outage forecast.",https://www.geonames.org/advanced-search.html?continentCode=&country=GH&fclass=P&q=
qmix,0,Northern,Tamale,9.401,-0.839,106,107,5,10,0.5,partial zone shedding,"Simulated controlled shedding only. Points represent aggregate zones, not affected premises or feeders. Residual imbalance is not located. Episode times are illustrative, not a real outage forecast.",https://www.geonames.org/advanced-search.html?continentCode=&country=GH&fclass=P&q=
qmix,0,Greater Accra,Accra,5.556,-0.197,107,108,5,11,0.25,partial zone shedding,"Simulated controlled shedding only. Points represent aggregate zones, not affected premises or feeders. Residual imbalance is not located. Episode times are illustrative, not a real outage forecast.",https://www.geonames.org/advanced-search.html?continentCode=&country=GH&fclass=P&q=
qmix,0,Ashanti,Kumasi,6.688,-1.624,107,108,5,11,0.25,partial zone shedding,"Simulated controlled shedding only. Points represent aggregate zones, not affected premises or feeders. Residual imbalance is not located. Episode times are illustrative, not a real outage forecast.",https://www.geonames.org/advanced-search.html?continentCode=&country=GH&fclass=P&q=
qmix,0,Western,Sekondi-Takoradi,4.927,-1.758,107,108,5,11,0.25,partial zone shedding,"Simulated controlled shedding only. Points represent aggregate zones, not affected premises or feeders. Residual imbalance is not located. Episode times are illustrative, not a real outage forecast.",https://www.geonames.org/advanced-search.html?continentCode=&country=GH&fclass=P&q=
qmix,0,Volta,Ho,6.601,0.471,107,108,5,11,0.0,no controlled shedding,"Simulated controlled shedding only. Points represent aggregate zones, not affected premises or feeders. Residual imbalance is not located. Episode times are illustrative, not a real outage forecast.",https://www.geonames.org/advanced-search.html?continentCode=&country=GH&fclass=P&q=
qmix,0,Northern,Tamale,9.401,-0.839,107,108,5,11,0.5,partial zone shedding,"Simulated controlled shedding only. Points represent aggregate zones, not affected premises or feeders. Residual imbalance is not located. Episode times are illustrative, not a real outage forecast.",https://www.geonames.org/advanced-search.html?continentCode=&country=GH&fclass=P&q=
qmix,0,Greater Accra,Accra,5.556,-0.197,108,109,5,12,0.25,partial zone shedding,"Simulated controlled shedding only. Points represent aggregate zones, not affected premises or feeders. Residual imbalance is not located. Episode times are illustrative, not a real outage forecast.",https://www.geonames.org/advanced-search.html?continentCode=&country=GH&fclass=P&q=
qmix,0,Ashanti,Kumasi,6.688,-1.624,108,109,5,12,0.25,partial zone shedding,"Simulated controlled shedding only. Points represent aggregate zones, not affected premises or feeders. Residual imbalance is not located. Episode times are illustrative, not a real outage forecast.",https://www.geonames.org/advanced-search.html?continentCode=&country=GH&fclass=P&q=
qmix,0,Western,Sekondi-Takoradi,4.927,-1.758,108,109,5,12,0.25,partial zone shedding,"Simulated controlled shedding only. Points represent aggregate zones, not affected premises or feeders. Residual imbalance is not located. Episode times are illustrative, not a real outage forecast.",https://www.geonames.org/advanced-search.html?continentCode=&country=GH&fclass=P&q=
qmix,0,Volta,Ho,6.601,0.471,108,109,5,12,0.0,no controlled shedding,"Simulated controlled shedding only. Points represent aggregate zones, not affected premises or feeders. Residual imbalance is not located. Episode times are illustrative, not a real outage forecast.",https://www.geonames.org/advanced-search.html?continentCode=&country=GH&fclass=P&q=
qmix,0,Northern,Tamale,9.401,-0.839,108,109,5,12,0.5,partial zone shedding,"Simulated controlled shedding only. Points represent aggregate zones, not affected premises or feeders. Residual imbalance is not located. Episode times are illustrative, not a real outage forecast.",https://www.geonames.org/advanced-search.html?continentCode=&country=GH&fclass=P&q=
qmix,0,Greater Accra,Accra,5.556,-0.197,109,110,5,13,0.25,partial zone shedding,"Simulated controlled shedding only. Points represent aggregate zones, not affected premises or feeders. Residual imbalance is not located. Episode times are illustrative, not a real outage forecast.",https://www.geonames.org/advanced-search.html?continentCode=&country=GH&fclass=P&q=
qmix,0,Ashanti,Kumasi,6.688,-1.624,109,110,5,13,0.25,partial zone shedding,"Simulated controlled shedding only. Points represent aggregate zones, not affected premises or feeders. Residual imbalance is not located. Episode times are illustrative, not a real outage forecast.",https://www.geonames.org/advanced-search.html?continentCode=&country=GH&fclass=P&q=
qmix,0,Western,Sekondi-Takoradi,4.927,-1.758,109,110,5,13,0.25,partial zone shedding,"Simulated controlled shedding only. Points represent aggregate zones, not affected premises or feeders. Residual imbalance is not located. Episode times are illustrative, not a real outage forecast.",https://www.geonames.org/advanced-search.html?continentCode=&country=GH&fclass=P&q=
qmix,0,Volta,Ho,6.601,0.471,109,110,5,13,0.0,no controlled shedding,"Simulated controlled shedding only. Points represent aggregate zones, not affected premises or feeders. Residual imbalance is not located. Episode times are illustrative, not a real outage forecast.",https://www.geonames.org/advanced-search.html?continentCode=&country=GH&fclass=P&q=
qmix,0,Northern,Tamale,9.401,-0.839,109,110,5,13,0.5,partial zone shedding,"Simulated controlled shedding only. Points represent aggregate zones, not affected premises or feeders. Residual imbalance is not located. Episode times are illustrative, not a real outage forecast.",https://www.geonames.org/advanced-search.html?continentCode=&country=GH&fclass=P&q=
qmix,0,Greater Accra,Accra,5.556,-0.197,110,111,5,14,0.25,partial zone shedding,"Simulated controlled shedding only. Points represent aggregate zones, not affected premises or feeders. Residual imbalance is not located. Episode times are illustrative, not a real outage forecast.",https://www.geonames.org/advanced-search.html?continentCode=&country=GH&fclass=P&q=
qmix,0,Ashanti,Kumasi,6.688,-1.624,110,111,5,14,0.25,partial zone shedding,"Simulated controlled shedding only. Points represent aggregate zones, not affected premises or feeders. Residual imbalance is not located. Episode times are illustrative, not a real outage forecast.",https://www.geonames.org/advanced-search.html?continentCode=&country=GH&fclass=P&q=
qmix,0,Western,Sekondi-Takoradi,4.927,-1.758,110,111,5,14,0.25,partial zone shedding,"Simulated controlled shedding only. Points represent aggregate zones, not affected premises or feeders. Residual imbalance is not located. Episode times are illustrative, not a real outage forecast.",https://www.geonames.org/advanced-search.html?continentCode=&country=GH&fclass=P&q=
qmix,0,Volta,Ho,6.601,0.471,110,111,5,14,1.0,full zone shedding,"Simulated controlled shedding only. Points represent aggregate zones, not affected premises or feeders. Residual imbalance is not located. Episode times are illustrative, not a real outage forecast.",https://www.geonames.org/advanced-search.html?continentCode=&country=GH&fclass=P&q=
qmix,0,Northern,Tamale,9.401,-0.839,110,111,5,14,0.5,partial zone shedding,"Simulated controlled shedding only. Points represent aggregate zones, not affected premises or feeders. Residual imbalance is not located. Episode times are illustrative, not a real outage forecast.",https://www.geonames.org/advanced-search.html?continentCode=&country=GH&fclass=P&q=
qmix,0,Greater Accra,Accra,5.556,-0.197,111,112,5,15,0.25,partial zone shedding,"Simulated controlled shedding only. Points represent aggregate zones, not affected premises or feeders. Residual imbalance is not located. Episode times are illustrative, not a real outage forecast.",https://www.geonames.org/advanced-search.html?continentCode=&country=GH&fclass=P&q=
qmix,0,Ashanti,Kumasi,6.688,-1.624,111,112,5,15,0.25,partial zone shedding,"Simulated controlled shedding only. Points represent aggregate zones, not affected premises or feeders. Residual imbalance is not located. Episode times are illustrative, not a real outage forecast.",https://www.geonames.org/advanced-search.html?continentCode=&country=GH&fclass=P&q=
qmix,0,Western,Sekondi-Takoradi,4.927,-1.758,111,112,5,15,0.5,partial zone shedding,"Simulated controlled shedding only. Points represent aggregate zones, not affected premises or feeders. Residual imbalance is not located. Episode times are illustrative, not a real outage forecast.",https://www.geonames.org/advanced-search.html?continentCode=&country=GH&fclass=P&q=
qmix,0,Volta,Ho,6.601,0.471,111,112,5,15,0.25,partial zone shedding,"Simulated controlled shedding only. Points represent aggregate zones, not affected premises or feeders. Residual imbalance is not located. Episode times are illustrative, not a real outage forecast.",https://www.geonames.org/advanced-search.html?continentCode=&country=GH&fclass=P&q=
qmix,0,Northern,Tamale,9.401,-0.839,111,112,5,15,0.5,partial zone shedding,"Simulated controlled shedding only. Points represent aggregate zones, not affected premises or feeders. Residual imbalance is not located. Episode times are illustrative, not a real outage forecast.",https://www.geonames.org/advanced-search.html?continentCode=&country=GH&fclass=P&q=
qmix,0,Greater Accra,Accra,5.556,-0.197,112,113,5,16,0.5,partial zone shedding,"Simulated controlled shedding only. Points represent aggregate zones, not affected premises or feeders. Residual imbalance is not located. Episode times are illustrative, not a real outage forecast.",https://www.geonames.org/advanced-search.html?continentCode=&country=GH&fclass=P&q=
qmix,0,Ashanti,Kumasi,6.688,-1.624,112,113,5,16,0.25,partial zone shedding,"Simulated controlled shedding only. Points represent aggregate zones, not affected premises or feeders. Residual imbalance is not located. Episode times are illustrative, not a real outage forecast.",https://www.geonames.org/advanced-search.html?continentCode=&country=GH&fclass=P&q=
qmix,0,Western,Sekondi-Takoradi,4.927,-1.758,112,113,5,16,0.5,partial zone shedding,"Simulated controlled shedding only. Points represent aggregate zones, not affected premises or feeders. Residual imbalance is not located. Episode times are illustrative, not a real outage forecast.",https://www.geonames.org/advanced-search.html?continentCode=&country=GH&fclass=P&q=
qmix,0,Volta,Ho,6.601,0.471,112,113,5,16,0.25,partial zone shedding,"Simulated controlled shedding only. Points represent aggregate zones, not affected premises or feeders. Residual imbalance is not located. Episode times are illustrative, not a real outage forecast.",https://www.geonames.org/advanced-search.html?continentCode=&country=GH&fclass=P&q=
qmix,0,Northern,Tamale,9.401,-0.839,112,113,5,16,0.0,no controlled shedding,"Simulated controlled shedding only. Points represent aggregate zones, not affected premises or feeders. Residual imbalance is not located. Episode times are illustrative, not a real outage forecast.",https://www.geonames.org/advanced-search.html?continentCode=&country=GH&fclass=P&q=
qmix,0,Greater Accra,Accra,5.556,-0.197,113,114,5,17,0.5,partial zone shedding,"Simulated controlled shedding only. Points represent aggregate zones, not affected premises or feeders. Residual imbalance is not located. Episode times are illustrative, not a real outage forecast.",https://www.geonames.org/advanced-search.html?continentCode=&country=GH&fclass=P&q=
qmix,0,Ashanti,Kumasi,6.688,-1.624,113,114,5,17,0.5,partial zone shedding,"Simulated controlled shedding only. Points represent aggregate zones, not affected premises or feeders. Residual imbalance is not located. Episode times are illustrative, not a real outage forecast.",https://www.geonames.org/advanced-search.html?continentCode=&country=GH&fclass=P&q=
qmix,0,Western,Sekondi-Takoradi,4.927,-1.758,113,114,5,17,0.5,partial zone shedding,"Simulated controlled shedding only. Points represent aggregate zones, not affected premises or feeders. Residual imbalance is not located. Episode times are illustrative, not a real outage forecast.",https://www.geonames.org/advanced-search.html?continentCode=&country=GH&fclass=P&q=
qmix,0,Volta,Ho,6.601,0.471,113,114,5,17,0.25,partial zone shedding,"Simulated controlled shedding only. Points represent aggregate zones, not affected premises or feeders. Residual imbalance is not located. Episode times are illustrative, not a real outage forecast.",https://www.geonames.org/advanced-search.html?continentCode=&country=GH&fclass=P&q=
qmix,0,Northern,Tamale,9.401,-0.839,113,114,5,17,0.25,partial zone shedding,"Simulated controlled shedding only. Points represent aggregate zones, not affected premises or feeders. Residual imbalance is not located. Episode times are illustrative, not a real outage forecast.",https://www.geonames.org/advanced-search.html?continentCode=&country=GH&fclass=P&q=
qmix,0,Greater Accra,Accra,5.556,-0.197,114,115,5,18,0.25,partial zone shedding,"Simulated controlled shedding only. Points represent aggregate zones, not affected premises or feeders. Residual imbalance is not located. Episode times are illustrative, not a real outage forecast.",https://www.geonames.org/advanced-search.html?continentCode=&country=GH&fclass=P&q=
qmix,0,Ashanti,Kumasi,6.688,-1.624,114,115,5,18,0.25,partial zone shedding,"Simulated controlled shedding only. Points represent aggregate zones, not affected premises or feeders. Residual imbalance is not located. Episode times are illustrative, not a real outage forecast.",https://www.geonames.org/advanced-search.html?continentCode=&country=GH&fclass=P&q=
qmix,0,Western,Sekondi-Takoradi,4.927,-1.758,114,115,5,18,0.5,partial zone shedding,"Simulated controlled shedding only. Points represent aggregate zones, not affected premises or feeders. Residual imbalance is not located. Episode times are illustrative, not a real outage forecast.",https://www.geonames.org/advanced-search.html?continentCode=&country=GH&fclass=P&q=
qmix,0,Volta,Ho,6.601,0.471,114,115,5,18,0.25,partial zone shedding,"Simulated controlled shedding only. Points represent aggregate zones, not affected premises or feeders. Residual imbalance is not located. Episode times are illustrative, not a real outage forecast.",https://www.geonames.org/advanced-search.html?continentCode=&country=GH&fclass=P&q=
qmix,0,Northern,Tamale,9.401,-0.839,114,115,5,18,0.25,partial zone shedding,"Simulated controlled shedding only. Points represent aggregate zones, not affected premises or feeders. Residual imbalance is not located. Episode times are illustrative, not a real outage forecast.",https://www.geonames.org/advanced-search.html?continentCode=&country=GH&fclass=P&q=
qmix,0,Greater Accra,Accra,5.556,-0.197,115,116,5,19,0.25,partial zone shedding,"Simulated controlled shedding only. Points represent aggregate zones, not affected premises or feeders. Residual imbalance is not located. Episode times are illustrative, not a real outage forecast.",https://www.geonames.org/advanced-search.html?continentCode=&country=GH&fclass=P&q=
qmix,0,Ashanti,Kumasi,6.688,-1.624,115,116,5,19,0.25,partial zone shedding,"Simulated controlled shedding only. Points represent aggregate zones, not affected premises or feeders. Residual imbalance is not located. Episode times are illustrative, not a real outage forecast.",https://www.geonames.org/advanced-search.html?continentCode=&country=GH&fclass=P&q=
qmix,0,Western,Sekondi-Takoradi,4.927,-1.758,115,116,5,19,0.25,partial zone shedding,"Simulated controlled shedding only. Points represent aggregate zones, not affected premises or feeders. Residual imbalance is not located. Episode times are illustrative, not a real outage forecast.",https://www.geonames.org/advanced-search.html?continentCode=&country=GH&fclass=P&q=
qmix,0,Volta,Ho,6.601,0.471,115,116,5,19,0.25,partial zone shedding,"Simulated controlled shedding only. Points represent aggregate zones, not affected premises or feeders. Residual imbalance is not located. Episode times are illustrative, not a real outage forecast.",https://www.geonames.org/advanced-search.html?continentCode=&country=GH&fclass=P&q=
qmix,0,Northern,Tamale,9.401,-0.839,115,116,5,19,0.5,partial zone shedding,"Simulated controlled shedding only. Points represent aggregate zones, not affected premises or feeders. Residual imbalance is not located. Episode times are illustrative, not a real outage forecast.",https://www.geonames.org/advanced-search.html?continentCode=&country=GH&fclass=P&q=
qmix,0,Greater Accra,Accra,5.556,-0.197,116,117,5,20,0.5,partial zone shedding,"Simulated controlled shedding only. Points represent aggregate zones, not affected premises or feeders. Residual imbalance is not located. Episode times are illustrative, not a real outage forecast.",https://www.geonames.org/advanced-search.html?continentCode=&country=GH&fclass=P&q=
qmix,0,Ashanti,Kumasi,6.688,-1.624,116,117,5,20,0.5,partial zone shedding,"Simulated controlled shedding only. Points represent aggregate zones, not affected premises or feeders. Residual imbalance is not located. Episode times are illustrative, not a real outage forecast.",https://www.geonames.org/advanced-search.html?continentCode=&country=GH&fclass=P&q=
qmix,0,Western,Sekondi-Takoradi,4.927,-1.758,116,117,5,20,0.5,partial zone shedding,"Simulated controlled shedding only. Points represent aggregate zones, not affected premises or feeders. Residual imbalance is not located. Episode times are illustrative, not a real outage forecast.",https://www.geonames.org/advanced-search.html?continentCode=&country=GH&fclass=P&q=
qmix,0,Volta,Ho,6.601,0.471,116,117,5,20,0.25,partial zone shedding,"Simulated controlled shedding only. Points represent aggregate zones, not affected premises or feeders. Residual imbalance is not located. Episode times are illustrative, not a real outage forecast.",https://www.geonames.org/advanced-search.html?continentCode=&country=GH&fclass=P&q=
qmix,0,Northern,Tamale,9.401,-0.839,116,117,5,20,0.5,partial zone shedding,"Simulated controlled shedding only. Points represent aggregate zones, not affected premises or feeders. Residual imbalance is not located. Episode times are illustrative, not a real outage forecast.",https://www.geonames.org/advanced-search.html?continentCode=&country=GH&fclass=P&q=
qmix,0,Greater Accra,Accra,5.556,-0.197,117,118,5,21,0.25,partial zone shedding,"Simulated controlled shedding only. Points represent aggregate zones, not affected premises or feeders. Residual imbalance is not located. Episode times are illustrative, not a real outage forecast.",https://www.geonames.org/advanced-search.html?continentCode=&country=GH&fclass=P&q=
qmix,0,Ashanti,Kumasi,6.688,-1.624,117,118,5,21,0.25,partial zone shedding,"Simulated controlled shedding only. Points represent aggregate zones, not affected premises or feeders. Residual imbalance is not located. Episode times are illustrative, not a real outage forecast.",https://www.geonames.org/advanced-search.html?continentCode=&country=GH&fclass=P&q=
qmix,0,Western,Sekondi-Takoradi,4.927,-1.758,117,118,5,21,0.25,partial zone shedding,"Simulated controlled shedding only. Points represent aggregate zones, not affected premises or feeders. Residual imbalance is not located. Episode times are illustrative, not a real outage forecast.",https://www.geonames.org/advanced-search.html?continentCode=&country=GH&fclass=P&q=
qmix,0,Volta,Ho,6.601,0.471,117,118,5,21,0.25,partial zone shedding,"Simulated controlled shedding only. Points represent aggregate zones, not affected premises or feeders. Residual imbalance is not located. Episode times are illustrative, not a real outage forecast.",https://www.geonames.org/advanced-search.html?continentCode=&country=GH&fclass=P&q=
qmix,0,Northern,Tamale,9.401,-0.839,117,118,5,21,0.5,partial zone shedding,"Simulated controlled shedding only. Points represent aggregate zones, not affected premises or feeders. Residual imbalance is not located. Episode times are illustrative, not a real outage forecast.",https://www.geonames.org/advanced-search.html?continentCode=&country=GH&fclass=P&q=
qmix,0,Greater Accra,Accra,5.556,-0.197,118,119,5,22,0.25,partial zone shedding,"Simulated controlled shedding only. Points represent aggregate zones, not affected premises or feeders. Residual imbalance is not located. Episode times are illustrative, not a real outage forecast.",https://www.geonames.org/advanced-search.html?continentCode=&country=GH&fclass=P&q=
qmix,0,Ashanti,Kumasi,6.688,-1.624,118,119,5,22,0.25,partial zone shedding,"Simulated controlled shedding only. Points represent aggregate zones, not affected premises or feeders. Residual imbalance is not located. Episode times are illustrative, not a real outage forecast.",https://www.geonames.org/advanced-search.html?continentCode=&country=GH&fclass=P&q=
qmix,0,Western,Sekondi-Takoradi,4.927,-1.758,118,119,5,22,0.25,partial zone shedding,"Simulated controlled shedding only. Points represent aggregate zones, not affected premises or feeders. Residual imbalance is not located. Episode times are illustrative, not a real outage forecast.",https://www.geonames.org/advanced-search.html?continentCode=&country=GH&fclass=P&q=
qmix,0,Volta,Ho,6.601,0.471,118,119,5,22,0.25,partial zone shedding,"Simulated controlled shedding only. Points represent aggregate zones, not affected premises or feeders. Residual imbalance is not located. Episode times are illustrative, not a real outage forecast.",https://www.geonames.org/advanced-search.html?continentCode=&country=GH&fclass=P&q=
qmix,0,Northern,Tamale,9.401,-0.839,118,119,5,22,0.5,partial zone shedding,"Simulated controlled shedding only. Points represent aggregate zones, not affected premises or feeders. Residual imbalance is not located. Episode times are illustrative, not a real outage forecast.",https://www.geonames.org/advanced-search.html?continentCode=&country=GH&fclass=P&q=
qmix,0,Greater Accra,Accra,5.556,-0.197,119,120,5,23,0.25,partial zone shedding,"Simulated controlled shedding only. Points represent aggregate zones, not affected premises or feeders. Residual imbalance is not located. Episode times are illustrative, not a real outage forecast.",https://www.geonames.org/advanced-search.html?continentCode=&country=GH&fclass=P&q=
qmix,0,Ashanti,Kumasi,6.688,-1.624,119,120,5,23,0.25,partial zone shedding,"Simulated controlled shedding only. Points represent aggregate zones, not affected premises or feeders. Residual imbalance is not located. Episode times are illustrative, not a real outage forecast.",https://www.geonames.org/advanced-search.html?continentCode=&country=GH&fclass=P&q=
qmix,0,Western,Sekondi-Takoradi,4.927,-1.758,119,120,5,23,0.25,partial zone shedding,"Simulated controlled shedding only. Points represent aggregate zones, not affected premises or feeders. Residual imbalance is not located. Episode times are illustrative, not a real outage forecast.",https://www.geonames.org/advanced-search.html?continentCode=&country=GH&fclass=P&q=
qmix,0,Volta,Ho,6.601,0.471,119,120,5,23,0.25,partial zone shedding,"Simulated controlled shedding only. Points represent aggregate zones, not affected premises or feeders. Residual imbalance is not located. Episode times are illustrative, not a real outage forecast.",https://www.geonames.org/advanced-search.html?continentCode=&country=GH&fclass=P&q=
qmix,0,Northern,Tamale,9.401,-0.839,119,120,5,23,0.5,partial zone shedding,"Simulated controlled shedding only. Points represent aggregate zones, not affected premises or feeders. Residual imbalance is not located. Episode times are illustrative, not a real outage forecast.",https://www.geonames.org/advanced-search.html?continentCode=&country=GH&fclass=P&q=
qmix,0,Greater Accra,Accra,5.556,-0.197,120,121,6,0,0.0,no controlled shedding,"Simulated controlled shedding only. Points represent aggregate zones, not affected premises or feeders. Residual imbalance is not located. Episode times are illustrative, not a real outage forecast.",https://www.geonames.org/advanced-search.html?continentCode=&country=GH&fclass=P&q=
qmix,0,Ashanti,Kumasi,6.688,-1.624,120,121,6,0,0.0,no controlled shedding,"Simulated controlled shedding only. Points represent aggregate zones, not affected premises or feeders. Residual imbalance is not located. Episode times are illustrative, not a real outage forecast.",https://www.geonames.org/advanced-search.html?continentCode=&country=GH&fclass=P&q=
qmix,0,Western,Sekondi-Takoradi,4.927,-1.758,120,121,6,0,0.0,no controlled shedding,"Simulated controlled shedding only. Points represent aggregate zones, not affected premises or feeders. Residual imbalance is not located. Episode times are illustrative, not a real outage forecast.",https://www.geonames.org/advanced-search.html?continentCode=&country=GH&fclass=P&q=
qmix,0,Volta,Ho,6.601,0.471,120,121,6,0,0.25,partial zone shedding,"Simulated controlled shedding only. Points represent aggregate zones, not affected premises or feeders. Residual imbalance is not located. Episode times are illustrative, not a real outage forecast.",https://www.geonames.org/advanced-search.html?continentCode=&country=GH&fclass=P&q=
qmix,0,Northern,Tamale,9.401,-0.839,120,121,6,0,0.25,partial zone shedding,"Simulated controlled shedding only. Points represent aggregate zones, not affected premises or feeders. Residual imbalance is not located. Episode times are illustrative, not a real outage forecast.",https://www.geonames.org/advanced-search.html?continentCode=&country=GH&fclass=P&q=
qmix,0,Greater Accra,Accra,5.556,-0.197,121,122,6,1,0.0,no controlled shedding,"Simulated controlled shedding only. Points represent aggregate zones, not affected premises or feeders. Residual imbalance is not located. Episode times are illustrative, not a real outage forecast.",https://www.geonames.org/advanced-search.html?continentCode=&country=GH&fclass=P&q=
qmix,0,Ashanti,Kumasi,6.688,-1.624,121,122,6,1,0.25,partial zone shedding,"Simulated controlled shedding only. Points represent aggregate zones, not affected premises or feeders. Residual imbalance is not located. Episode times are illustrative, not a real outage forecast.",https://www.geonames.org/advanced-search.html?continentCode=&country=GH&fclass=P&q=
qmix,0,Western,Sekondi-Takoradi,4.927,-1.758,121,122,6,1,0.0,no controlled shedding,"Simulated controlled shedding only. Points represent aggregate zones, not affected premises or feeders. Residual imbalance is not located. Episode times are illustrative, not a real outage forecast.",https://www.geonames.org/advanced-search.html?continentCode=&country=GH&fclass=P&q=
qmix,0,Volta,Ho,6.601,0.471,121,122,6,1,0.0,no controlled shedding,"Simulated controlled shedding only. Points represent aggregate zones, not affected premises or feeders. Residual imbalance is not located. Episode times are illustrative, not a real outage forecast.",https://www.geonames.org/advanced-search.html?continentCode=&country=GH&fclass=P&q=
qmix,0,Northern,Tamale,9.401,-0.839,121,122,6,1,0.25,partial zone shedding,"Simulated controlled shedding only. Points represent aggregate zones, not affected premises or feeders. Residual imbalance is not located. Episode times are illustrative, not a real outage forecast.",https://www.geonames.org/advanced-search.html?continentCode=&country=GH&fclass=P&q=
qmix,0,Greater Accra,Accra,5.556,-0.197,122,123,6,2,0.0,no controlled shedding,"Simulated controlled shedding only. Points represent aggregate zones, not affected premises or feeders. Residual imbalance is not located. Episode times are illustrative, not a real outage forecast.",https://www.geonames.org/advanced-search.html?continentCode=&country=GH&fclass=P&q=
qmix,0,Ashanti,Kumasi,6.688,-1.624,122,123,6,2,0.0,no controlled shedding,"Simulated controlled shedding only. Points represent aggregate zones, not affected premises or feeders. Residual imbalance is not located. Episode times are illustrative, not a real outage forecast.",https://www.geonames.org/advanced-search.html?continentCode=&country=GH&fclass=P&q=
qmix,0,Western,Sekondi-Takoradi,4.927,-1.758,122,123,6,2,0.0,no controlled shedding,"Simulated controlled shedding only. Points represent aggregate zones, not affected premises or feeders. Residual imbalance is not located. Episode times are illustrative, not a real outage forecast.",https://www.geonames.org/advanced-search.html?continentCode=&country=GH&fclass=P&q=
qmix,0,Volta,Ho,6.601,0.471,122,123,6,2,0.0,no controlled shedding,"Simulated controlled shedding only. Points represent aggregate zones, not affected premises or feeders. Residual imbalance is not located. Episode times are illustrative, not a real outage forecast.",https://www.geonames.org/advanced-search.html?continentCode=&country=GH&fclass=P&q=
qmix,0,Northern,Tamale,9.401,-0.839,122,123,6,2,0.25,partial zone shedding,"Simulated controlled shedding only. Points represent aggregate zones, not affected premises or feeders. Residual imbalance is not located. Episode times are illustrative, not a real outage forecast.",https://www.geonames.org/advanced-search.html?continentCode=&country=GH&fclass=P&q=
qmix,0,Greater Accra,Accra,5.556,-0.197,123,124,6,3,0.0,no controlled shedding,"Simulated controlled shedding only. Points represent aggregate zones, not affected premises or feeders. Residual imbalance is not located. Episode times are illustrative, not a real outage forecast.",https://www.geonames.org/advanced-search.html?continentCode=&country=GH&fclass=P&q=
qmix,0,Ashanti,Kumasi,6.688,-1.624,123,124,6,3,0.25,partial zone shedding,"Simulated controlled shedding only. Points represent aggregate zones, not affected premises or feeders. Residual imbalance is not located. Episode times are illustrative, not a real outage forecast.",https://www.geonames.org/advanced-search.html?continentCode=&country=GH&fclass=P&q=
qmix,0,Western,Sekondi-Takoradi,4.927,-1.758,123,124,6,3,0.0,no controlled shedding,"Simulated controlled shedding only. Points represent aggregate zones, not affected premises or feeders. Residual imbalance is not located. Episode times are illustrative, not a real outage forecast.",https://www.geonames.org/advanced-search.html?continentCode=&country=GH&fclass=P&q=
qmix,0,Volta,Ho,6.601,0.471,123,124,6,3,0.0,no controlled shedding,"Simulated controlled shedding only. Points represent aggregate zones, not affected premises or feeders. Residual imbalance is not located. Episode times are illustrative, not a real outage forecast.",https://www.geonames.org/advanced-search.html?continentCode=&country=GH&fclass=P&q=
qmix,0,Northern,Tamale,9.401,-0.839,123,124,6,3,0.25,partial zone shedding,"Simulated controlled shedding only. Points represent aggregate zones, not affected premises or feeders. Residual imbalance is not located. Episode times are illustrative, not a real outage forecast.",https://www.geonames.org/advanced-search.html?continentCode=&country=GH&fclass=P&q=
qmix,0,Greater Accra,Accra,5.556,-0.197,124,125,6,4,0.25,partial zone shedding,"Simulated controlled shedding only. Points represent aggregate zones, not affected premises or feeders. Residual imbalance is not located. Episode times are illustrative, not a real outage forecast.",https://www.geonames.org/advanced-search.html?continentCode=&country=GH&fclass=P&q=
qmix,0,Ashanti,Kumasi,6.688,-1.624,124,125,6,4,0.25,partial zone shedding,"Simulated controlled shedding only. Points represent aggregate zones, not affected premises or feeders. Residual imbalance is not located. Episode times are illustrative, not a real outage forecast.",https://www.geonames.org/advanced-search.html?continentCode=&country=GH&fclass=P&q=
qmix,0,Western,Sekondi-Takoradi,4.927,-1.758,124,125,6,4,0.0,no controlled shedding,"Simulated controlled shedding only. Points represent aggregate zones, not affected premises or feeders. Residual imbalance is not located. Episode times are illustrative, not a real outage forecast.",https://www.geonames.org/advanced-search.html?continentCode=&country=GH&fclass=P&q=
qmix,0,Volta,Ho,6.601,0.471,124,125,6,4,0.25,partial zone shedding,"Simulated controlled shedding only. Points represent aggregate zones, not affected premises or feeders. Residual imbalance is not located. Episode times are illustrative, not a real outage forecast.",https://www.geonames.org/advanced-search.html?continentCode=&country=GH&fclass=P&q=
qmix,0,Northern,Tamale,9.401,-0.839,124,125,6,4,0.25,partial zone shedding,"Simulated controlled shedding only. Points represent aggregate zones, not affected premises or feeders. Residual imbalance is not located. Episode times are illustrative, not a real outage forecast.",https://www.geonames.org/advanced-search.html?continentCode=&country=GH&fclass=P&q=
qmix,0,Greater Accra,Accra,5.556,-0.197,125,126,6,5,0.25,partial zone shedding,"Simulated controlled shedding only. Points represent aggregate zones, not affected premises or feeders. Residual imbalance is not located. Episode times are illustrative, not a real outage forecast.",https://www.geonames.org/advanced-search.html?continentCode=&country=GH&fclass=P&q=
qmix,0,Ashanti,Kumasi,6.688,-1.624,125,126,6,5,0.25,partial zone shedding,"Simulated controlled shedding only. Points represent aggregate zones, not affected premises or feeders. Residual imbalance is not located. Episode times are illustrative, not a real outage forecast.",https://www.geonames.org/advanced-search.html?continentCode=&country=GH&fclass=P&q=
qmix,0,Western,Sekondi-Takoradi,4.927,-1.758,125,126,6,5,0.0,no controlled shedding,"Simulated controlled shedding only. Points represent aggregate zones, not affected premises or feeders. Residual imbalance is not located. Episode times are illustrative, not a real outage forecast.",https://www.geonames.org/advanced-search.html?continentCode=&country=GH&fclass=P&q=
qmix,0,Volta,Ho,6.601,0.471,125,126,6,5,0.25,partial zone shedding,"Simulated controlled shedding only. Points represent aggregate zones, not affected premises or feeders. Residual imbalance is not located. Episode times are illustrative, not a real outage forecast.",https://www.geonames.org/advanced-search.html?continentCode=&country=GH&fclass=P&q=
qmix,0,Northern,Tamale,9.401,-0.839,125,126,6,5,0.25,partial zone shedding,"Simulated controlled shedding only. Points represent aggregate zones, not affected premises or feeders. Residual imbalance is not located. Episode times are illustrative, not a real outage forecast.",https://www.geonames.org/advanced-search.html?continentCode=&country=GH&fclass=P&q=
qmix,0,Greater Accra,Accra,5.556,-0.197,126,127,6,6,0.25,partial zone shedding,"Simulated controlled shedding only. Points represent aggregate zones, not affected premises or feeders. Residual imbalance is not located. Episode times are illustrative, not a real outage forecast.",https://www.geonames.org/advanced-search.html?continentCode=&country=GH&fclass=P&q=
qmix,0,Ashanti,Kumasi,6.688,-1.624,126,127,6,6,0.25,partial zone shedding,"Simulated controlled shedding only. Points represent aggregate zones, not affected premises or feeders. Residual imbalance is not located. Episode times are illustrative, not a real outage forecast.",https://www.geonames.org/advanced-search.html?continentCode=&country=GH&fclass=P&q=
qmix,0,Western,Sekondi-Takoradi,4.927,-1.758,126,127,6,6,0.0,no controlled shedding,"Simulated controlled shedding only. Points represent aggregate zones, not affected premises or feeders. Residual imbalance is not located. Episode times are illustrative, not a real outage forecast.",https://www.geonames.org/advanced-search.html?continentCode=&country=GH&fclass=P&q=
qmix,0,Volta,Ho,6.601,0.471,126,127,6,6,0.25,partial zone shedding,"Simulated controlled shedding only. Points represent aggregate zones, not affected premises or feeders. Residual imbalance is not located. Episode times are illustrative, not a real outage forecast.",https://www.geonames.org/advanced-search.html?continentCode=&country=GH&fclass=P&q=
qmix,0,Northern,Tamale,9.401,-0.839,126,127,6,6,0.25,partial zone shedding,"Simulated controlled shedding only. Points represent aggregate zones, not affected premises or feeders. Residual imbalance is not located. Episode times are illustrative, not a real outage forecast.",https://www.geonames.org/advanced-search.html?continentCode=&country=GH&fclass=P&q=
qmix,0,Greater Accra,Accra,5.556,-0.197,127,128,6,7,0.25,partial zone shedding,"Simulated controlled shedding only. Points represent aggregate zones, not affected premises or feeders. Residual imbalance is not located. Episode times are illustrative, not a real outage forecast.",https://www.geonames.org/advanced-search.html?continentCode=&country=GH&fclass=P&q=
qmix,0,Ashanti,Kumasi,6.688,-1.624,127,128,6,7,0.25,partial zone shedding,"Simulated controlled shedding only. Points represent aggregate zones, not affected premises or feeders. Residual imbalance is not located. Episode times are illustrative, not a real outage forecast.",https://www.geonames.org/advanced-search.html?continentCode=&country=GH&fclass=P&q=
qmix,0,Western,Sekondi-Takoradi,4.927,-1.758,127,128,6,7,0.25,partial zone shedding,"Simulated controlled shedding only. Points represent aggregate zones, not affected premises or feeders. Residual imbalance is not located. Episode times are illustrative, not a real outage forecast.",https://www.geonames.org/advanced-search.html?continentCode=&country=GH&fclass=P&q=
qmix,0,Volta,Ho,6.601,0.471,127,128,6,7,0.25,partial zone shedding,"Simulated controlled shedding only. Points represent aggregate zones, not affected premises or feeders. Residual imbalance is not located. Episode times are illustrative, not a real outage forecast.",https://www.geonames.org/advanced-search.html?continentCode=&country=GH&fclass=P&q=
qmix,0,Northern,Tamale,9.401,-0.839,127,128,6,7,0.5,partial zone shedding,"Simulated controlled shedding only. Points represent aggregate zones, not affected premises or feeders. Residual imbalance is not located. Episode times are illustrative, not a real outage forecast.",https://www.geonames.org/advanced-search.html?continentCode=&country=GH&fclass=P&q=
qmix,0,Greater Accra,Accra,5.556,-0.197,128,129,6,8,0.25,partial zone shedding,"Simulated controlled shedding only. Points represent aggregate zones, not affected premises or feeders. Residual imbalance is not located. Episode times are illustrative, not a real outage forecast.",https://www.geonames.org/advanced-search.html?continentCode=&country=GH&fclass=P&q=
qmix,0,Ashanti,Kumasi,6.688,-1.624,128,129,6,8,0.25,partial zone shedding,"Simulated controlled shedding only. Points represent aggregate zones, not affected premises or feeders. Residual imbalance is not located. Episode times are illustrative, not a real outage forecast.",https://www.geonames.org/advanced-search.html?continentCode=&country=GH&fclass=P&q=
qmix,0,Western,Sekondi-Takoradi,4.927,-1.758,128,129,6,8,0.0,no controlled shedding,"Simulated controlled shedding only. Points represent aggregate zones, not affected premises or feeders. Residual imbalance is not located. Episode times are illustrative, not a real outage forecast.",https://www.geonames.org/advanced-search.html?continentCode=&country=GH&fclass=P&q=
qmix,0,Volta,Ho,6.601,0.471,128,129,6,8,0.0,no controlled shedding,"Simulated controlled shedding only. Points represent aggregate zones, not affected premises or feeders. Residual imbalance is not located. Episode times are illustrative, not a real outage forecast.",https://www.geonames.org/advanced-search.html?continentCode=&country=GH&fclass=P&q=
qmix,0,Northern,Tamale,9.401,-0.839,128,129,6,8,0.25,partial zone shedding,"Simulated controlled shedding only. Points represent aggregate zones, not affected premises or feeders. Residual imbalance is not located. Episode times are illustrative, not a real outage forecast.",https://www.geonames.org/advanced-search.html?continentCode=&country=GH&fclass=P&q=
qmix,0,Greater Accra,Accra,5.556,-0.197,129,130,6,9,0.25,partial zone shedding,"Simulated controlled shedding only. Points represent aggregate zones, not affected premises or feeders. Residual imbalance is not located. Episode times are illustrative, not a real outage forecast.",https://www.geonames.org/advanced-search.html?continentCode=&country=GH&fclass=P&q=
qmix,0,Ashanti,Kumasi,6.688,-1.624,129,130,6,9,0.25,partial zone shedding,"Simulated controlled shedding only. Points represent aggregate zones, not affected premises or feeders. Residual imbalance is not located. Episode times are illustrative, not a real outage forecast.",https://www.geonames.org/advanced-search.html?continentCode=&country=GH&fclass=P&q=
qmix,0,Western,Sekondi-Takoradi,4.927,-1.758,129,130,6,9,0.0,no controlled shedding,"Simulated controlled shedding only. Points represent aggregate zones, not affected premises or feeders. Residual imbalance is not located. Episode times are illustrative, not a real outage forecast.",https://www.geonames.org/advanced-search.html?continentCode=&country=GH&fclass=P&q=
qmix,0,Volta,Ho,6.601,0.471,129,130,6,9,0.25,partial zone shedding,"Simulated controlled shedding only. Points represent aggregate zones, not affected premises or feeders. Residual imbalance is not located. Episode times are illustrative, not a real outage forecast.",https://www.geonames.org/advanced-search.html?continentCode=&country=GH&fclass=P&q=
qmix,0,Northern,Tamale,9.401,-0.839,129,130,6,9,0.25,partial zone shedding,"Simulated controlled shedding only. Points represent aggregate zones, not affected premises or feeders. Residual imbalance is not located. Episode times are illustrative, not a real outage forecast.",https://www.geonames.org/advanced-search.html?continentCode=&country=GH&fclass=P&q=
qmix,0,Greater Accra,Accra,5.556,-0.197,130,131,6,10,0.0,no controlled shedding,"Simulated controlled shedding only. Points represent aggregate zones, not affected premises or feeders. Residual imbalance is not located. Episode times are illustrative, not a real outage forecast.",https://www.geonames.org/advanced-search.html?continentCode=&country=GH&fclass=P&q=
qmix,0,Ashanti,Kumasi,6.688,-1.624,130,131,6,10,0.25,partial zone shedding,"Simulated controlled shedding only. Points represent aggregate zones, not affected premises or feeders. Residual imbalance is not located. Episode times are illustrative, not a real outage forecast.",https://www.geonames.org/advanced-search.html?continentCode=&country=GH&fclass=P&q=
qmix,0,Western,Sekondi-Takoradi,4.927,-1.758,130,131,6,10,0.0,no controlled shedding,"Simulated controlled shedding only. Points represent aggregate zones, not affected premises or feeders. Residual imbalance is not located. Episode times are illustrative, not a real outage forecast.",https://www.geonames.org/advanced-search.html?continentCode=&country=GH&fclass=P&q=
qmix,0,Volta,Ho,6.601,0.471,130,131,6,10,0.0,no controlled shedding,"Simulated controlled shedding only. Points represent aggregate zones, not affected premises or feeders. Residual imbalance is not located. Episode times are illustrative, not a real outage forecast.",https://www.geonames.org/advanced-search.html?continentCode=&country=GH&fclass=P&q=
qmix,0,Northern,Tamale,9.401,-0.839,130,131,6,10,0.5,partial zone shedding,"Simulated controlled shedding only. Points represent aggregate zones, not affected premises or feeders. Residual imbalance is not located. Episode times are illustrative, not a real outage forecast.",https://www.geonames.org/advanced-search.html?continentCode=&country=GH&fclass=P&q=
qmix,0,Greater Accra,Accra,5.556,-0.197,131,132,6,11,0.0,no controlled shedding,"Simulated controlled shedding only. Points represent aggregate zones, not affected premises or feeders. Residual imbalance is not located. Episode times are illustrative, not a real outage forecast.",https://www.geonames.org/advanced-search.html?continentCode=&country=GH&fclass=P&q=
qmix,0,Ashanti,Kumasi,6.688,-1.624,131,132,6,11,0.25,partial zone shedding,"Simulated controlled shedding only. Points represent aggregate zones, not affected premises or feeders. Residual imbalance is not located. Episode times are illustrative, not a real outage forecast.",https://www.geonames.org/advanced-search.html?continentCode=&country=GH&fclass=P&q=
qmix,0,Western,Sekondi-Takoradi,4.927,-1.758,131,132,6,11,0.0,no controlled shedding,"Simulated controlled shedding only. Points represent aggregate zones, not affected premises or feeders. Residual imbalance is not located. Episode times are illustrative, not a real outage forecast.",https://www.geonames.org/advanced-search.html?continentCode=&country=GH&fclass=P&q=
qmix,0,Volta,Ho,6.601,0.471,131,132,6,11,0.0,no controlled shedding,"Simulated controlled shedding only. Points represent aggregate zones, not affected premises or feeders. Residual imbalance is not located. Episode times are illustrative, not a real outage forecast.",https://www.geonames.org/advanced-search.html?continentCode=&country=GH&fclass=P&q=
qmix,0,Northern,Tamale,9.401,-0.839,131,132,6,11,0.5,partial zone shedding,"Simulated controlled shedding only. Points represent aggregate zones, not affected premises or feeders. Residual imbalance is not located. Episode times are illustrative, not a real outage forecast.",https://www.geonames.org/advanced-search.html?continentCode=&country=GH&fclass=P&q=
qmix,0,Greater Accra,Accra,5.556,-0.197,132,133,6,12,0.0,no controlled shedding,"Simulated controlled shedding only. Points represent aggregate zones, not affected premises or feeders. Residual imbalance is not located. Episode times are illustrative, not a real outage forecast.",https://www.geonames.org/advanced-search.html?continentCode=&country=GH&fclass=P&q=
qmix,0,Ashanti,Kumasi,6.688,-1.624,132,133,6,12,0.25,partial zone shedding,"Simulated controlled shedding only. Points represent aggregate zones, not affected premises or feeders. Residual imbalance is not located. Episode times are illustrative, not a real outage forecast.",https://www.geonames.org/advanced-search.html?continentCode=&country=GH&fclass=P&q=
qmix,0,Western,Sekondi-Takoradi,4.927,-1.758,132,133,6,12,0.0,no controlled shedding,"Simulated controlled shedding only. Points represent aggregate zones, not affected premises or feeders. Residual imbalance is not located. Episode times are illustrative, not a real outage forecast.",https://www.geonames.org/advanced-search.html?continentCode=&country=GH&fclass=P&q=
qmix,0,Volta,Ho,6.601,0.471,132,133,6,12,0.0,no controlled shedding,"Simulated controlled shedding only. Points represent aggregate zones, not affected premises or feeders. Residual imbalance is not located. Episode times are illustrative, not a real outage forecast.",https://www.geonames.org/advanced-search.html?continentCode=&country=GH&fclass=P&q=
qmix,0,Northern,Tamale,9.401,-0.839,132,133,6,12,0.5,partial zone shedding,"Simulated controlled shedding only. Points represent aggregate zones, not affected premises or feeders. Residual imbalance is not located. Episode times are illustrative, not a real outage forecast.",https://www.geonames.org/advanced-search.html?continentCode=&country=GH&fclass=P&q=
qmix,0,Greater Accra,Accra,5.556,-0.197,133,134,6,13,0.0,no controlled shedding,"Simulated controlled shedding only. Points represent aggregate zones, not affected premises or feeders. Residual imbalance is not located. Episode times are illustrative, not a real outage forecast.",https://www.geonames.org/advanced-search.html?continentCode=&country=GH&fclass=P&q=
qmix,0,Ashanti,Kumasi,6.688,-1.624,133,134,6,13,0.25,partial zone shedding,"Simulated controlled shedding only. Points represent aggregate zones, not affected premises or feeders. Residual imbalance is not located. Episode times are illustrative, not a real outage forecast.",https://www.geonames.org/advanced-search.html?continentCode=&country=GH&fclass=P&q=
qmix,0,Western,Sekondi-Takoradi,4.927,-1.758,133,134,6,13,0.0,no controlled shedding,"Simulated controlled shedding only. Points represent aggregate zones, not affected premises or feeders. Residual imbalance is not located. Episode times are illustrative, not a real outage forecast.",https://www.geonames.org/advanced-search.html?continentCode=&country=GH&fclass=P&q=
qmix,0,Volta,Ho,6.601,0.471,133,134,6,13,0.0,no controlled shedding,"Simulated controlled shedding only. Points represent aggregate zones, not affected premises or feeders. Residual imbalance is not located. Episode times are illustrative, not a real outage forecast.",https://www.geonames.org/advanced-search.html?continentCode=&country=GH&fclass=P&q=
qmix,0,Northern,Tamale,9.401,-0.839,133,134,6,13,0.5,partial zone shedding,"Simulated controlled shedding only. Points represent aggregate zones, not affected premises or feeders. Residual imbalance is not located. Episode times are illustrative, not a real outage forecast.",https://www.geonames.org/advanced-search.html?continentCode=&country=GH&fclass=P&q=
qmix,0,Greater Accra,Accra,5.556,-0.197,134,135,6,14,0.0,no controlled shedding,"Simulated controlled shedding only. Points represent aggregate zones, not affected premises or feeders. Residual imbalance is not located. Episode times are illustrative, not a real outage forecast.",https://www.geonames.org/advanced-search.html?continentCode=&country=GH&fclass=P&q=
qmix,0,Ashanti,Kumasi,6.688,-1.624,134,135,6,14,0.0,no controlled shedding,"Simulated controlled shedding only. Points represent aggregate zones, not affected premises or feeders. Residual imbalance is not located. Episode times are illustrative, not a real outage forecast.",https://www.geonames.org/advanced-search.html?continentCode=&country=GH&fclass=P&q=
qmix,0,Western,Sekondi-Takoradi,4.927,-1.758,134,135,6,14,0.0,no controlled shedding,"Simulated controlled shedding only. Points represent aggregate zones, not affected premises or feeders. Residual imbalance is not located. Episode times are illustrative, not a real outage forecast.",https://www.geonames.org/advanced-search.html?continentCode=&country=GH&fclass=P&q=
qmix,0,Volta,Ho,6.601,0.471,134,135,6,14,0.0,no controlled shedding,"Simulated controlled shedding only. Points represent aggregate zones, not affected premises or feeders. Residual imbalance is not located. Episode times are illustrative, not a real outage forecast.",https://www.geonames.org/advanced-search.html?continentCode=&country=GH&fclass=P&q=
qmix,0,Northern,Tamale,9.401,-0.839,134,135,6,14,0.5,partial zone shedding,"Simulated controlled shedding only. Points represent aggregate zones, not affected premises or feeders. Residual imbalance is not located. Episode times are illustrative, not a real outage forecast.",https://www.geonames.org/advanced-search.html?continentCode=&country=GH&fclass=P&q=
qmix,0,Greater Accra,Accra,5.556,-0.197,135,136,6,15,0.0,no controlled shedding,"Simulated controlled shedding only. Points represent aggregate zones, not affected premises or feeders. Residual imbalance is not located. Episode times are illustrative, not a real outage forecast.",https://www.geonames.org/advanced-search.html?continentCode=&country=GH&fclass=P&q=
qmix,0,Ashanti,Kumasi,6.688,-1.624,135,136,6,15,0.25,partial zone shedding,"Simulated controlled shedding only. Points represent aggregate zones, not affected premises or feeders. Residual imbalance is not located. Episode times are illustrative, not a real outage forecast.",https://www.geonames.org/advanced-search.html?continentCode=&country=GH&fclass=P&q=
qmix,0,Western,Sekondi-Takoradi,4.927,-1.758,135,136,6,15,0.0,no controlled shedding,"Simulated controlled shedding only. Points represent aggregate zones, not affected premises or feeders. Residual imbalance is not located. Episode times are illustrative, not a real outage forecast.",https://www.geonames.org/advanced-search.html?continentCode=&country=GH&fclass=P&q=
qmix,0,Volta,Ho,6.601,0.471,135,136,6,15,0.0,no controlled shedding,"Simulated controlled shedding only. Points represent aggregate zones, not affected premises or feeders. Residual imbalance is not located. Episode times are illustrative, not a real outage forecast.",https://www.geonames.org/advanced-search.html?continentCode=&country=GH&fclass=P&q=
qmix,0,Northern,Tamale,9.401,-0.839,135,136,6,15,0.5,partial zone shedding,"Simulated controlled shedding only. Points represent aggregate zones, not affected premises or feeders. Residual imbalance is not located. Episode times are illustrative, not a real outage forecast.",https://www.geonames.org/advanced-search.html?continentCode=&country=GH&fclass=P&q=
qmix,0,Greater Accra,Accra,5.556,-0.197,136,137,6,16,0.0,no controlled shedding,"Simulated controlled shedding only. Points represent aggregate zones, not affected premises or feeders. Residual imbalance is not located. Episode times are illustrative, not a real outage forecast.",https://www.geonames.org/advanced-search.html?continentCode=&country=GH&fclass=P&q=
qmix,0,Ashanti,Kumasi,6.688,-1.624,136,137,6,16,0.25,partial zone shedding,"Simulated controlled shedding only. Points represent aggregate zones, not affected premises or feeders. Residual imbalance is not located. Episode times are illustrative, not a real outage forecast.",https://www.geonames.org/advanced-search.html?continentCode=&country=GH&fclass=P&q=
qmix,0,Western,Sekondi-Takoradi,4.927,-1.758,136,137,6,16,0.0,no controlled shedding,"Simulated controlled shedding only. Points represent aggregate zones, not affected premises or feeders. Residual imbalance is not located. Episode times are illustrative, not a real outage forecast.",https://www.geonames.org/advanced-search.html?continentCode=&country=GH&fclass=P&q=
qmix,0,Volta,Ho,6.601,0.471,136,137,6,16,0.25,partial zone shedding,"Simulated controlled shedding only. Points represent aggregate zones, not affected premises or feeders. Residual imbalance is not located. Episode times are illustrative, not a real outage forecast.",https://www.geonames.org/advanced-search.html?continentCode=&country=GH&fclass=P&q=
qmix,0,Northern,Tamale,9.401,-0.839,136,137,6,16,0.25,partial zone shedding,"Simulated controlled shedding only. Points represent aggregate zones, not affected premises or feeders. Residual imbalance is not located. Episode times are illustrative, not a real outage forecast.",https://www.geonames.org/advanced-search.html?continentCode=&country=GH&fclass=P&q=
qmix,0,Greater Accra,Accra,5.556,-0.197,137,138,6,17,0.5,partial zone shedding,"Simulated controlled shedding only. Points represent aggregate zones, not affected premises or feeders. Residual imbalance is not located. Episode times are illustrative, not a real outage forecast.",https://www.geonames.org/advanced-search.html?continentCode=&country=GH&fclass=P&q=
qmix,0,Ashanti,Kumasi,6.688,-1.624,137,138,6,17,0.25,partial zone shedding,"Simulated controlled shedding only. Points represent aggregate zones, not affected premises or feeders. Residual imbalance is not located. Episode times are illustrative, not a real outage forecast.",https://www.geonames.org/advanced-search.html?continentCode=&country=GH&fclass=P&q=
qmix,0,Western,Sekondi-Takoradi,4.927,-1.758,137,138,6,17,0.5,partial zone shedding,"Simulated controlled shedding only. Points represent aggregate zones, not affected premises or feeders. Residual imbalance is not located. Episode times are illustrative, not a real outage forecast.",https://www.geonames.org/advanced-search.html?continentCode=&country=GH&fclass=P&q=
qmix,0,Volta,Ho,6.601,0.471,137,138,6,17,0.25,partial zone shedding,"Simulated controlled shedding only. Points represent aggregate zones, not affected premises or feeders. Residual imbalance is not located. Episode times are illustrative, not a real outage forecast.",https://www.geonames.org/advanced-search.html?continentCode=&country=GH&fclass=P&q=
qmix,0,Northern,Tamale,9.401,-0.839,137,138,6,17,0.5,partial zone shedding,"Simulated controlled shedding only. Points represent aggregate zones, not affected premises or feeders. Residual imbalance is not located. Episode times are illustrative, not a real outage forecast.",https://www.geonames.org/advanced-search.html?continentCode=&country=GH&fclass=P&q=
qmix,0,Greater Accra,Accra,5.556,-0.197,138,139,6,18,0.5,partial zone shedding,"Simulated controlled shedding only. Points represent aggregate zones, not affected premises or feeders. Residual imbalance is not located. Episode times are illustrative, not a real outage forecast.",https://www.geonames.org/advanced-search.html?continentCode=&country=GH&fclass=P&q=
qmix,0,Ashanti,Kumasi,6.688,-1.624,138,139,6,18,0.25,partial zone shedding,"Simulated controlled shedding only. Points represent aggregate zones, not affected premises or feeders. Residual imbalance is not located. Episode times are illustrative, not a real outage forecast.",https://www.geonames.org/advanced-search.html?continentCode=&country=GH&fclass=P&q=
qmix,0,Western,Sekondi-Takoradi,4.927,-1.758,138,139,6,18,0.5,partial zone shedding,"Simulated controlled shedding only. Points represent aggregate zones, not affected premises or feeders. Residual imbalance is not located. Episode times are illustrative, not a real outage forecast.",https://www.geonames.org/advanced-search.html?continentCode=&country=GH&fclass=P&q=
qmix,0,Volta,Ho,6.601,0.471,138,139,6,18,0.25,partial zone shedding,"Simulated controlled shedding only. Points represent aggregate zones, not affected premises or feeders. Residual imbalance is not located. Episode times are illustrative, not a real outage forecast.",https://www.geonames.org/advanced-search.html?continentCode=&country=GH&fclass=P&q=
qmix,0,Northern,Tamale,9.401,-0.839,138,139,6,18,0.5,partial zone shedding,"Simulated controlled shedding only. Points represent aggregate zones, not affected premises or feeders. Residual imbalance is not located. Episode times are illustrative, not a real outage forecast.",https://www.geonames.org/advanced-search.html?continentCode=&country=GH&fclass=P&q=
qmix,0,Greater Accra,Accra,5.556,-0.197,139,140,6,19,0.0,no controlled shedding,"Simulated controlled shedding only. Points represent aggregate zones, not affected premises or feeders. Residual imbalance is not located. Episode times are illustrative, not a real outage forecast.",https://www.geonames.org/advanced-search.html?continentCode=&country=GH&fclass=P&q=
qmix,0,Ashanti,Kumasi,6.688,-1.624,139,140,6,19,0.25,partial zone shedding,"Simulated controlled shedding only. Points represent aggregate zones, not affected premises or feeders. Residual imbalance is not located. Episode times are illustrative, not a real outage forecast.",https://www.geonames.org/advanced-search.html?continentCode=&country=GH&fclass=P&q=
qmix,0,Western,Sekondi-Takoradi,4.927,-1.758,139,140,6,19,0.5,partial zone shedding,"Simulated controlled shedding only. Points represent aggregate zones, not affected premises or feeders. Residual imbalance is not located. Episode times are illustrative, not a real outage forecast.",https://www.geonames.org/advanced-search.html?continentCode=&country=GH&fclass=P&q=
qmix,0,Volta,Ho,6.601,0.471,139,140,6,19,0.25,partial zone shedding,"Simulated controlled shedding only. Points represent aggregate zones, not affected premises or feeders. Residual imbalance is not located. Episode times are illustrative, not a real outage forecast.",https://www.geonames.org/advanced-search.html?continentCode=&country=GH&fclass=P&q=
qmix,0,Northern,Tamale,9.401,-0.839,139,140,6,19,0.5,partial zone shedding,"Simulated controlled shedding only. Points represent aggregate zones, not affected premises or feeders. Residual imbalance is not located. Episode times are illustrative, not a real outage forecast.",https://www.geonames.org/advanced-search.html?continentCode=&country=GH&fclass=P&q=
qmix,0,Greater Accra,Accra,5.556,-0.197,140,141,6,20,0.25,partial zone shedding,"Simulated controlled shedding only. Points represent aggregate zones, not affected premises or feeders. Residual imbalance is not located. Episode times are illustrative, not a real outage forecast.",https://www.geonames.org/advanced-search.html?continentCode=&country=GH&fclass=P&q=
qmix,0,Ashanti,Kumasi,6.688,-1.624,140,141,6,20,0.25,partial zone shedding,"Simulated controlled shedding only. Points represent aggregate zones, not affected premises or feeders. Residual imbalance is not located. Episode times are illustrative, not a real outage forecast.",https://www.geonames.org/advanced-search.html?continentCode=&country=GH&fclass=P&q=
qmix,0,Western,Sekondi-Takoradi,4.927,-1.758,140,141,6,20,0.5,partial zone shedding,"Simulated controlled shedding only. Points represent aggregate zones, not affected premises or feeders. Residual imbalance is not located. Episode times are illustrative, not a real outage forecast.",https://www.geonames.org/advanced-search.html?continentCode=&country=GH&fclass=P&q=
qmix,0,Volta,Ho,6.601,0.471,140,141,6,20,0.25,partial zone shedding,"Simulated controlled shedding only. Points represent aggregate zones, not affected premises or feeders. Residual imbalance is not located. Episode times are illustrative, not a real outage forecast.",https://www.geonames.org/advanced-search.html?continentCode=&country=GH&fclass=P&q=
qmix,0,Northern,Tamale,9.401,-0.839,140,141,6,20,0.5,partial zone shedding,"Simulated controlled shedding only. Points represent aggregate zones, not affected premises or feeders. Residual imbalance is not located. Episode times are illustrative, not a real outage forecast.",https://www.geonames.org/advanced-search.html?continentCode=&country=GH&fclass=P&q=
qmix,0,Greater Accra,Accra,5.556,-0.197,141,142,6,21,0.25,partial zone shedding,"Simulated controlled shedding only. Points represent aggregate zones, not affected premises or feeders. Residual imbalance is not located. Episode times are illustrative, not a real outage forecast.",https://www.geonames.org/advanced-search.html?continentCode=&country=GH&fclass=P&q=
qmix,0,Ashanti,Kumasi,6.688,-1.624,141,142,6,21,0.25,partial zone shedding,"Simulated controlled shedding only. Points represent aggregate zones, not affected premises or feeders. Residual imbalance is not located. Episode times are illustrative, not a real outage forecast.",https://www.geonames.org/advanced-search.html?continentCode=&country=GH&fclass=P&q=
qmix,0,Western,Sekondi-Takoradi,4.927,-1.758,141,142,6,21,0.5,partial zone shedding,"Simulated controlled shedding only. Points represent aggregate zones, not affected premises or feeders. Residual imbalance is not located. Episode times are illustrative, not a real outage forecast.",https://www.geonames.org/advanced-search.html?continentCode=&country=GH&fclass=P&q=
qmix,0,Volta,Ho,6.601,0.471,141,142,6,21,0.25,partial zone shedding,"Simulated controlled shedding only. Points represent aggregate zones, not affected premises or feeders. Residual imbalance is not located. Episode times are illustrative, not a real outage forecast.",https://www.geonames.org/advanced-search.html?continentCode=&country=GH&fclass=P&q=
qmix,0,Northern,Tamale,9.401,-0.839,141,142,6,21,0.5,partial zone shedding,"Simulated controlled shedding only. Points represent aggregate zones, not affected premises or feeders. Residual imbalance is not located. Episode times are illustrative, not a real outage forecast.",https://www.geonames.org/advanced-search.html?continentCode=&country=GH&fclass=P&q=
qmix,0,Greater Accra,Accra,5.556,-0.197,142,143,6,22,0.0,no controlled shedding,"Simulated controlled shedding only. Points represent aggregate zones, not affected premises or feeders. Residual imbalance is not located. Episode times are illustrative, not a real outage forecast.",https://www.geonames.org/advanced-search.html?continentCode=&country=GH&fclass=P&q=
qmix,0,Ashanti,Kumasi,6.688,-1.624,142,143,6,22,0.25,partial zone shedding,"Simulated controlled shedding only. Points represent aggregate zones, not affected premises or feeders. Residual imbalance is not located. Episode times are illustrative, not a real outage forecast.",https://www.geonames.org/advanced-search.html?continentCode=&country=GH&fclass=P&q=
qmix,0,Western,Sekondi-Takoradi,4.927,-1.758,142,143,6,22,0.25,partial zone shedding,"Simulated controlled shedding only. Points represent aggregate zones, not affected premises or feeders. Residual imbalance is not located. Episode times are illustrative, not a real outage forecast.",https://www.geonames.org/advanced-search.html?continentCode=&country=GH&fclass=P&q=
qmix,0,Volta,Ho,6.601,0.471,142,143,6,22,0.25,partial zone shedding,"Simulated controlled shedding only. Points represent aggregate zones, not affected premises or feeders. Residual imbalance is not located. Episode times are illustrative, not a real outage forecast.",https://www.geonames.org/advanced-search.html?continentCode=&country=GH&fclass=P&q=
qmix,0,Northern,Tamale,9.401,-0.839,142,143,6,22,0.5,partial zone shedding,"Simulated controlled shedding only. Points represent aggregate zones, not affected premises or feeders. Residual imbalance is not located. Episode times are illustrative, not a real outage forecast.",https://www.geonames.org/advanced-search.html?continentCode=&country=GH&fclass=P&q=
qmix,0,Greater Accra,Accra,5.556,-0.197,143,144,6,23,0.0,no controlled shedding,"Simulated controlled shedding only. Points represent aggregate zones, not affected premises or feeders. Residual imbalance is not located. Episode times are illustrative, not a real outage forecast.",https://www.geonames.org/advanced-search.html?continentCode=&country=GH&fclass=P&q=
qmix,0,Ashanti,Kumasi,6.688,-1.624,143,144,6,23,0.25,partial zone shedding,"Simulated controlled shedding only. Points represent aggregate zones, not affected premises or feeders. Residual imbalance is not located. Episode times are illustrative, not a real outage forecast.",https://www.geonames.org/advanced-search.html?continentCode=&country=GH&fclass=P&q=
qmix,0,Western,Sekondi-Takoradi,4.927,-1.758,143,144,6,23,0.0,no controlled shedding,"Simulated controlled shedding only. Points represent aggregate zones, not affected premises or feeders. Residual imbalance is not located. Episode times are illustrative, not a real outage forecast.",https://www.geonames.org/advanced-search.html?continentCode=&country=GH&fclass=P&q=
qmix,0,Volta,Ho,6.601,0.471,143,144,6,23,0.25,partial zone shedding,"Simulated controlled shedding only. Points represent aggregate zones, not affected premises or feeders. Residual imbalance is not located. Episode times are illustrative, not a real outage forecast.",https://www.geonames.org/advanced-search.html?continentCode=&country=GH&fclass=P&q=
qmix,0,Northern,Tamale,9.401,-0.839,143,144,6,23,0.5,partial zone shedding,"Simulated controlled shedding only. Points represent aggregate zones, not affected premises or feeders. Residual imbalance is not located. Episode times are illustrative, not a real outage forecast.",https://www.geonames.org/advanced-search.html?continentCode=&country=GH&fclass=P&q=
qmix,0,Greater Accra,Accra,5.556,-0.197,144,145,7,0,0.0,no controlled shedding,"Simulated controlled shedding only. Points represent aggregate zones, not affected premises or feeders. Residual imbalance is not located. Episode times are illustrative, not a real outage forecast.",https://www.geonames.org/advanced-search.html?continentCode=&country=GH&fclass=P&q=
qmix,0,Ashanti,Kumasi,6.688,-1.624,144,145,7,0,0.0,no controlled shedding,"Simulated controlled shedding only. Points represent aggregate zones, not affected premises or feeders. Residual imbalance is not located. Episode times are illustrative, not a real outage forecast.",https://www.geonames.org/advanced-search.html?continentCode=&country=GH&fclass=P&q=
qmix,0,Western,Sekondi-Takoradi,4.927,-1.758,144,145,7,0,0.0,no controlled shedding,"Simulated controlled shedding only. Points represent aggregate zones, not affected premises or feeders. Residual imbalance is not located. Episode times are illustrative, not a real outage forecast.",https://www.geonames.org/advanced-search.html?continentCode=&country=GH&fclass=P&q=
qmix,0,Volta,Ho,6.601,0.471,144,145,7,0,0.0,no controlled shedding,"Simulated controlled shedding only. Points represent aggregate zones, not affected premises or feeders. Residual imbalance is not located. Episode times are illustrative, not a real outage forecast.",https://www.geonames.org/advanced-search.html?continentCode=&country=GH&fclass=P&q=
qmix,0,Northern,Tamale,9.401,-0.839,144,145,7,0,0.25,partial zone shedding,"Simulated controlled shedding only. Points represent aggregate zones, not affected premises or feeders. Residual imbalance is not located. Episode times are illustrative, not a real outage forecast.",https://www.geonames.org/advanced-search.html?continentCode=&country=GH&fclass=P&q=
qmix,0,Greater Accra,Accra,5.556,-0.197,145,146,7,1,0.0,no controlled shedding,"Simulated controlled shedding only. Points represent aggregate zones, not affected premises or feeders. Residual imbalance is not located. Episode times are illustrative, not a real outage forecast.",https://www.geonames.org/advanced-search.html?continentCode=&country=GH&fclass=P&q=
qmix,0,Ashanti,Kumasi,6.688,-1.624,145,146,7,1,0.0,no controlled shedding,"Simulated controlled shedding only. Points represent aggregate zones, not affected premises or feeders. Residual imbalance is not located. Episode times are illustrative, not a real outage forecast.",https://www.geonames.org/advanced-search.html?continentCode=&country=GH&fclass=P&q=
qmix,0,Western,Sekondi-Takoradi,4.927,-1.758,145,146,7,1,0.25,partial zone shedding,"Simulated controlled shedding only. Points represent aggregate zones, not affected premises or feeders. Residual imbalance is not located. Episode times are illustrative, not a real outage forecast.",https://www.geonames.org/advanced-search.html?continentCode=&country=GH&fclass=P&q=
qmix,0,Volta,Ho,6.601,0.471,145,146,7,1,0.0,no controlled shedding,"Simulated controlled shedding only. Points represent aggregate zones, not affected premises or feeders. Residual imbalance is not located. Episode times are illustrative, not a real outage forecast.",https://www.geonames.org/advanced-search.html?continentCode=&country=GH&fclass=P&q=
qmix,0,Northern,Tamale,9.401,-0.839,145,146,7,1,0.25,partial zone shedding,"Simulated controlled shedding only. Points represent aggregate zones, not affected premises or feeders. Residual imbalance is not located. Episode times are illustrative, not a real outage forecast.",https://www.geonames.org/advanced-search.html?continentCode=&country=GH&fclass=P&q=
qmix,0,Greater Accra,Accra,5.556,-0.197,146,147,7,2,0.0,no controlled shedding,"Simulated controlled shedding only. Points represent aggregate zones, not affected premises or feeders. Residual imbalance is not located. Episode times are illustrative, not a real outage forecast.",https://www.geonames.org/advanced-search.html?continentCode=&country=GH&fclass=P&q=
qmix,0,Ashanti,Kumasi,6.688,-1.624,146,147,7,2,0.0,no controlled shedding,"Simulated controlled shedding only. Points represent aggregate zones, not affected premises or feeders. Residual imbalance is not located. Episode times are illustrative, not a real outage forecast.",https://www.geonames.org/advanced-search.html?continentCode=&country=GH&fclass=P&q=
qmix,0,Western,Sekondi-Takoradi,4.927,-1.758,146,147,7,2,0.25,partial zone shedding,"Simulated controlled shedding only. Points represent aggregate zones, not affected premises or feeders. Residual imbalance is not located. Episode times are illustrative, not a real outage forecast.",https://www.geonames.org/advanced-search.html?continentCode=&country=GH&fclass=P&q=
qmix,0,Volta,Ho,6.601,0.471,146,147,7,2,0.0,no controlled shedding,"Simulated controlled shedding only. Points represent aggregate zones, not affected premises or feeders. Residual imbalance is not located. Episode times are illustrative, not a real outage forecast.",https://www.geonames.org/advanced-search.html?continentCode=&country=GH&fclass=P&q=
qmix,0,Northern,Tamale,9.401,-0.839,146,147,7,2,0.25,partial zone shedding,"Simulated controlled shedding only. Points represent aggregate zones, not affected premises or feeders. Residual imbalance is not located. Episode times are illustrative, not a real outage forecast.",https://www.geonames.org/advanced-search.html?continentCode=&country=GH&fclass=P&q=
qmix,0,Greater Accra,Accra,5.556,-0.197,147,148,7,3,0.0,no controlled shedding,"Simulated controlled shedding only. Points represent aggregate zones, not affected premises or feeders. Residual imbalance is not located. Episode times are illustrative, not a real outage forecast.",https://www.geonames.org/advanced-search.html?continentCode=&country=GH&fclass=P&q=
qmix,0,Ashanti,Kumasi,6.688,-1.624,147,148,7,3,0.0,no controlled shedding,"Simulated controlled shedding only. Points represent aggregate zones, not affected premises or feeders. Residual imbalance is not located. Episode times are illustrative, not a real outage forecast.",https://www.geonames.org/advanced-search.html?continentCode=&country=GH&fclass=P&q=
qmix,0,Western,Sekondi-Takoradi,4.927,-1.758,147,148,7,3,0.25,partial zone shedding,"Simulated controlled shedding only. Points represent aggregate zones, not affected premises or feeders. Residual imbalance is not located. Episode times are illustrative, not a real outage forecast.",https://www.geonames.org/advanced-search.html?continentCode=&country=GH&fclass=P&q=
qmix,0,Volta,Ho,6.601,0.471,147,148,7,3,0.0,no controlled shedding,"Simulated controlled shedding only. Points represent aggregate zones, not affected premises or feeders. Residual imbalance is not located. Episode times are illustrative, not a real outage forecast.",https://www.geonames.org/advanced-search.html?continentCode=&country=GH&fclass=P&q=
qmix,0,Northern,Tamale,9.401,-0.839,147,148,7,3,0.25,partial zone shedding,"Simulated controlled shedding only. Points represent aggregate zones, not affected premises or feeders. Residual imbalance is not located. Episode times are illustrative, not a real outage forecast.",https://www.geonames.org/advanced-search.html?continentCode=&country=GH&fclass=P&q=
qmix,0,Greater Accra,Accra,5.556,-0.197,148,149,7,4,0.0,no controlled shedding,"Simulated controlled shedding only. Points represent aggregate zones, not affected premises or feeders. Residual imbalance is not located. Episode times are illustrative, not a real outage forecast.",https://www.geonames.org/advanced-search.html?continentCode=&country=GH&fclass=P&q=
qmix,0,Ashanti,Kumasi,6.688,-1.624,148,149,7,4,0.25,partial zone shedding,"Simulated controlled shedding only. Points represent aggregate zones, not affected premises or feeders. Residual imbalance is not located. Episode times are illustrative, not a real outage forecast.",https://www.geonames.org/advanced-search.html?continentCode=&country=GH&fclass=P&q=
qmix,0,Western,Sekondi-Takoradi,4.927,-1.758,148,149,7,4,0.25,partial zone shedding,"Simulated controlled shedding only. Points represent aggregate zones, not affected premises or feeders. Residual imbalance is not located. Episode times are illustrative, not a real outage forecast.",https://www.geonames.org/advanced-search.html?continentCode=&country=GH&fclass=P&q=
qmix,0,Volta,Ho,6.601,0.471,148,149,7,4,0.0,no controlled shedding,"Simulated controlled shedding only. Points represent aggregate zones, not affected premises or feeders. Residual imbalance is not located. Episode times are illustrative, not a real outage forecast.",https://www.geonames.org/advanced-search.html?continentCode=&country=GH&fclass=P&q=
qmix,0,Northern,Tamale,9.401,-0.839,148,149,7,4,0.25,partial zone shedding,"Simulated controlled shedding only. Points represent aggregate zones, not affected premises or feeders. Residual imbalance is not located. Episode times are illustrative, not a real outage forecast.",https://www.geonames.org/advanced-search.html?continentCode=&country=GH&fclass=P&q=
qmix,0,Greater Accra,Accra,5.556,-0.197,149,150,7,5,0.0,no controlled shedding,"Simulated controlled shedding only. Points represent aggregate zones, not affected premises or feeders. Residual imbalance is not located. Episode times are illustrative, not a real outage forecast.",https://www.geonames.org/advanced-search.html?continentCode=&country=GH&fclass=P&q=
qmix,0,Ashanti,Kumasi,6.688,-1.624,149,150,7,5,0.0,no controlled shedding,"Simulated controlled shedding only. Points represent aggregate zones, not affected premises or feeders. Residual imbalance is not located. Episode times are illustrative, not a real outage forecast.",https://www.geonames.org/advanced-search.html?continentCode=&country=GH&fclass=P&q=
qmix,0,Western,Sekondi-Takoradi,4.927,-1.758,149,150,7,5,0.25,partial zone shedding,"Simulated controlled shedding only. Points represent aggregate zones, not affected premises or feeders. Residual imbalance is not located. Episode times are illustrative, not a real outage forecast.",https://www.geonames.org/advanced-search.html?continentCode=&country=GH&fclass=P&q=
qmix,0,Volta,Ho,6.601,0.471,149,150,7,5,0.0,no controlled shedding,"Simulated controlled shedding only. Points represent aggregate zones, not affected premises or feeders. Residual imbalance is not located. Episode times are illustrative, not a real outage forecast.",https://www.geonames.org/advanced-search.html?continentCode=&country=GH&fclass=P&q=
qmix,0,Northern,Tamale,9.401,-0.839,149,150,7,5,0.25,partial zone shedding,"Simulated controlled shedding only. Points represent aggregate zones, not affected premises or feeders. Residual imbalance is not located. Episode times are illustrative, not a real outage forecast.",https://www.geonames.org/advanced-search.html?continentCode=&country=GH&fclass=P&q=
qmix,0,Greater Accra,Accra,5.556,-0.197,150,151,7,6,0.0,no controlled shedding,"Simulated controlled shedding only. Points represent aggregate zones, not affected premises or feeders. Residual imbalance is not located. Episode times are illustrative, not a real outage forecast.",https://www.geonames.org/advanced-search.html?continentCode=&country=GH&fclass=P&q=
qmix,0,Ashanti,Kumasi,6.688,-1.624,150,151,7,6,0.25,partial zone shedding,"Simulated controlled shedding only. Points represent aggregate zones, not affected premises or feeders. Residual imbalance is not located. Episode times are illustrative, not a real outage forecast.",https://www.geonames.org/advanced-search.html?continentCode=&country=GH&fclass=P&q=
qmix,0,Western,Sekondi-Takoradi,4.927,-1.758,150,151,7,6,0.25,partial zone shedding,"Simulated controlled shedding only. Points represent aggregate zones, not affected premises or feeders. Residual imbalance is not located. Episode times are illustrative, not a real outage forecast.",https://www.geonames.org/advanced-search.html?continentCode=&country=GH&fclass=P&q=
qmix,0,Volta,Ho,6.601,0.471,150,151,7,6,0.0,no controlled shedding,"Simulated controlled shedding only. Points represent aggregate zones, not affected premises or feeders. Residual imbalance is not located. Episode times are illustrative, not a real outage forecast.",https://www.geonames.org/advanced-search.html?continentCode=&country=GH&fclass=P&q=
qmix,0,Northern,Tamale,9.401,-0.839,150,151,7,6,0.25,partial zone shedding,"Simulated controlled shedding only. Points represent aggregate zones, not affected premises or feeders. Residual imbalance is not located. Episode times are illustrative, not a real outage forecast.",https://www.geonames.org/advanced-search.html?continentCode=&country=GH&fclass=P&q=
qmix,0,Greater Accra,Accra,5.556,-0.197,151,152,7,7,0.0,no controlled shedding,"Simulated controlled shedding only. Points represent aggregate zones, not affected premises or feeders. Residual imbalance is not located. Episode times are illustrative, not a real outage forecast.",https://www.geonames.org/advanced-search.html?continentCode=&country=GH&fclass=P&q=
qmix,0,Ashanti,Kumasi,6.688,-1.624,151,152,7,7,0.25,partial zone shedding,"Simulated controlled shedding only. Points represent aggregate zones, not affected premises or feeders. Residual imbalance is not located. Episode times are illustrative, not a real outage forecast.",https://www.geonames.org/advanced-search.html?continentCode=&country=GH&fclass=P&q=
qmix,0,Western,Sekondi-Takoradi,4.927,-1.758,151,152,7,7,0.25,partial zone shedding,"Simulated controlled shedding only. Points represent aggregate zones, not affected premises or feeders. Residual imbalance is not located. Episode times are illustrative, not a real outage forecast.",https://www.geonames.org/advanced-search.html?continentCode=&country=GH&fclass=P&q=
qmix,0,Volta,Ho,6.601,0.471,151,152,7,7,0.25,partial zone shedding,"Simulated controlled shedding only. Points represent aggregate zones, not affected premises or feeders. Residual imbalance is not located. Episode times are illustrative, not a real outage forecast.",https://www.geonames.org/advanced-search.html?continentCode=&country=GH&fclass=P&q=
qmix,0,Northern,Tamale,9.401,-0.839,151,152,7,7,0.25,partial zone shedding,"Simulated controlled shedding only. Points represent aggregate zones, not affected premises or feeders. Residual imbalance is not located. Episode times are illustrative, not a real outage forecast.",https://www.geonames.org/advanced-search.html?continentCode=&country=GH&fclass=P&q=
qmix,0,Greater Accra,Accra,5.556,-0.197,152,153,7,8,0.0,no controlled shedding,"Simulated controlled shedding only. Points represent aggregate zones, not affected premises or feeders. Residual imbalance is not located. Episode times are illustrative, not a real outage forecast.",https://www.geonames.org/advanced-search.html?continentCode=&country=GH&fclass=P&q=
qmix,0,Ashanti,Kumasi,6.688,-1.624,152,153,7,8,0.25,partial zone shedding,"Simulated controlled shedding only. Points represent aggregate zones, not affected premises or feeders. Residual imbalance is not located. Episode times are illustrative, not a real outage forecast.",https://www.geonames.org/advanced-search.html?continentCode=&country=GH&fclass=P&q=
qmix,0,Western,Sekondi-Takoradi,4.927,-1.758,152,153,7,8,0.25,partial zone shedding,"Simulated controlled shedding only. Points represent aggregate zones, not affected premises or feeders. Residual imbalance is not located. Episode times are illustrative, not a real outage forecast.",https://www.geonames.org/advanced-search.html?continentCode=&country=GH&fclass=P&q=
qmix,0,Volta,Ho,6.601,0.471,152,153,7,8,0.0,no controlled shedding,"Simulated controlled shedding only. Points represent aggregate zones, not affected premises or feeders. Residual imbalance is not located. Episode times are illustrative, not a real outage forecast.",https://www.geonames.org/advanced-search.html?continentCode=&country=GH&fclass=P&q=
qmix,0,Northern,Tamale,9.401,-0.839,152,153,7,8,0.5,partial zone shedding,"Simulated controlled shedding only. Points represent aggregate zones, not affected premises or feeders. Residual imbalance is not located. Episode times are illustrative, not a real outage forecast.",https://www.geonames.org/advanced-search.html?continentCode=&country=GH&fclass=P&q=
qmix,0,Greater Accra,Accra,5.556,-0.197,153,154,7,9,0.0,no controlled shedding,"Simulated controlled shedding only. Points represent aggregate zones, not affected premises or feeders. Residual imbalance is not located. Episode times are illustrative, not a real outage forecast.",https://www.geonames.org/advanced-search.html?continentCode=&country=GH&fclass=P&q=
qmix,0,Ashanti,Kumasi,6.688,-1.624,153,154,7,9,0.25,partial zone shedding,"Simulated controlled shedding only. Points represent aggregate zones, not affected premises or feeders. Residual imbalance is not located. Episode times are illustrative, not a real outage forecast.",https://www.geonames.org/advanced-search.html?continentCode=&country=GH&fclass=P&q=
qmix,0,Western,Sekondi-Takoradi,4.927,-1.758,153,154,7,9,0.25,partial zone shedding,"Simulated controlled shedding only. Points represent aggregate zones, not affected premises or feeders. Residual imbalance is not located. Episode times are illustrative, not a real outage forecast.",https://www.geonames.org/advanced-search.html?continentCode=&country=GH&fclass=P&q=
qmix,0,Volta,Ho,6.601,0.471,153,154,7,9,0.25,partial zone shedding,"Simulated controlled shedding only. Points represent aggregate zones, not affected premises or feeders. Residual imbalance is not located. Episode times are illustrative, not a real outage forecast.",https://www.geonames.org/advanced-search.html?continentCode=&country=GH&fclass=P&q=
qmix,0,Northern,Tamale,9.401,-0.839,153,154,7,9,0.5,partial zone shedding,"Simulated controlled shedding only. Points represent aggregate zones, not affected premises or feeders. Residual imbalance is not located. Episode times are illustrative, not a real outage forecast.",https://www.geonames.org/advanced-search.html?continentCode=&country=GH&fclass=P&q=
qmix,0,Greater Accra,Accra,5.556,-0.197,154,155,7,10,0.0,no controlled shedding,"Simulated controlled shedding only. Points represent aggregate zones, not affected premises or feeders. Residual imbalance is not located. Episode times are illustrative, not a real outage forecast.",https://www.geonames.org/advanced-search.html?continentCode=&country=GH&fclass=P&q=
qmix,0,Ashanti,Kumasi,6.688,-1.624,154,155,7,10,0.25,partial zone shedding,"Simulated controlled shedding only. Points represent aggregate zones, not affected premises or feeders. Residual imbalance is not located. Episode times are illustrative, not a real outage forecast.",https://www.geonames.org/advanced-search.html?continentCode=&country=GH&fclass=P&q=
qmix,0,Western,Sekondi-Takoradi,4.927,-1.758,154,155,7,10,0.25,partial zone shedding,"Simulated controlled shedding only. Points represent aggregate zones, not affected premises or feeders. Residual imbalance is not located. Episode times are illustrative, not a real outage forecast.",https://www.geonames.org/advanced-search.html?continentCode=&country=GH&fclass=P&q=
qmix,0,Volta,Ho,6.601,0.471,154,155,7,10,0.0,no controlled shedding,"Simulated controlled shedding only. Points represent aggregate zones, not affected premises or feeders. Residual imbalance is not located. Episode times are illustrative, not a real outage forecast.",https://www.geonames.org/advanced-search.html?continentCode=&country=GH&fclass=P&q=
qmix,0,Northern,Tamale,9.401,-0.839,154,155,7,10,0.25,partial zone shedding,"Simulated controlled shedding only. Points represent aggregate zones, not affected premises or feeders. Residual imbalance is not located. Episode times are illustrative, not a real outage forecast.",https://www.geonames.org/advanced-search.html?continentCode=&country=GH&fclass=P&q=
qmix,0,Greater Accra,Accra,5.556,-0.197,155,156,7,11,0.0,no controlled shedding,"Simulated controlled shedding only. Points represent aggregate zones, not affected premises or feeders. Residual imbalance is not located. Episode times are illustrative, not a real outage forecast.",https://www.geonames.org/advanced-search.html?continentCode=&country=GH&fclass=P&q=
qmix,0,Ashanti,Kumasi,6.688,-1.624,155,156,7,11,0.0,no controlled shedding,"Simulated controlled shedding only. Points represent aggregate zones, not affected premises or feeders. Residual imbalance is not located. Episode times are illustrative, not a real outage forecast.",https://www.geonames.org/advanced-search.html?continentCode=&country=GH&fclass=P&q=
qmix,0,Western,Sekondi-Takoradi,4.927,-1.758,155,156,7,11,0.0,no controlled shedding,"Simulated controlled shedding only. Points represent aggregate zones, not affected premises or feeders. Residual imbalance is not located. Episode times are illustrative, not a real outage forecast.",https://www.geonames.org/advanced-search.html?continentCode=&country=GH&fclass=P&q=
qmix,0,Volta,Ho,6.601,0.471,155,156,7,11,0.0,no controlled shedding,"Simulated controlled shedding only. Points represent aggregate zones, not affected premises or feeders. Residual imbalance is not located. Episode times are illustrative, not a real outage forecast.",https://www.geonames.org/advanced-search.html?continentCode=&country=GH&fclass=P&q=
qmix,0,Northern,Tamale,9.401,-0.839,155,156,7,11,0.0,no controlled shedding,"Simulated controlled shedding only. Points represent aggregate zones, not affected premises or feeders. Residual imbalance is not located. Episode times are illustrative, not a real outage forecast.",https://www.geonames.org/advanced-search.html?continentCode=&country=GH&fclass=P&q=
qmix,0,Greater Accra,Accra,5.556,-0.197,156,157,7,12,0.0,no controlled shedding,"Simulated controlled shedding only. Points represent aggregate zones, not affected premises or feeders. Residual imbalance is not located. Episode times are illustrative, not a real outage forecast.",https://www.geonames.org/advanced-search.html?continentCode=&country=GH&fclass=P&q=
qmix,0,Ashanti,Kumasi,6.688,-1.624,156,157,7,12,0.25,partial zone shedding,"Simulated controlled shedding only. Points represent aggregate zones, not affected premises or feeders. Residual imbalance is not located. Episode times are illustrative, not a real outage forecast.",https://www.geonames.org/advanced-search.html?continentCode=&country=GH&fclass=P&q=
qmix,0,Western,Sekondi-Takoradi,4.927,-1.758,156,157,7,12,0.25,partial zone shedding,"Simulated controlled shedding only. Points represent aggregate zones, not affected premises or feeders. Residual imbalance is not located. Episode times are illustrative, not a real outage forecast.",https://www.geonames.org/advanced-search.html?continentCode=&country=GH&fclass=P&q=
qmix,0,Volta,Ho,6.601,0.471,156,157,7,12,0.0,no controlled shedding,"Simulated controlled shedding only. Points represent aggregate zones, not affected premises or feeders. Residual imbalance is not located. Episode times are illustrative, not a real outage forecast.",https://www.geonames.org/advanced-search.html?continentCode=&country=GH&fclass=P&q=
qmix,0,Northern,Tamale,9.401,-0.839,156,157,7,12,0.0,no controlled shedding,"Simulated controlled shedding only. Points represent aggregate zones, not affected premises or feeders. Residual imbalance is not located. Episode times are illustrative, not a real outage forecast.",https://www.geonames.org/advanced-search.html?continentCode=&country=GH&fclass=P&q=
qmix,0,Greater Accra,Accra,5.556,-0.197,157,158,7,13,0.0,no controlled shedding,"Simulated controlled shedding only. Points represent aggregate zones, not affected premises or feeders. Residual imbalance is not located. Episode times are illustrative, not a real outage forecast.",https://www.geonames.org/advanced-search.html?continentCode=&country=GH&fclass=P&q=
qmix,0,Ashanti,Kumasi,6.688,-1.624,157,158,7,13,0.25,partial zone shedding,"Simulated controlled shedding only. Points represent aggregate zones, not affected premises or feeders. Residual imbalance is not located. Episode times are illustrative, not a real outage forecast.",https://www.geonames.org/advanced-search.html?continentCode=&country=GH&fclass=P&q=
qmix,0,Western,Sekondi-Takoradi,4.927,-1.758,157,158,7,13,0.25,partial zone shedding,"Simulated controlled shedding only. Points represent aggregate zones, not affected premises or feeders. Residual imbalance is not located. Episode times are illustrative, not a real outage forecast.",https://www.geonames.org/advanced-search.html?continentCode=&country=GH&fclass=P&q=
qmix,0,Volta,Ho,6.601,0.471,157,158,7,13,0.0,no controlled shedding,"Simulated controlled shedding only. Points represent aggregate zones, not affected premises or feeders. Residual imbalance is not located. Episode times are illustrative, not a real outage forecast.",https://www.geonames.org/advanced-search.html?continentCode=&country=GH&fclass=P&q=
qmix,0,Northern,Tamale,9.401,-0.839,157,158,7,13,0.0,no controlled shedding,"Simulated controlled shedding only. Points represent aggregate zones, not affected premises or feeders. Residual imbalance is not located. Episode times are illustrative, not a real outage forecast.",https://www.geonames.org/advanced-search.html?continentCode=&country=GH&fclass=P&q=
qmix,0,Greater Accra,Accra,5.556,-0.197,158,159,7,14,0.0,no controlled shedding,"Simulated controlled shedding only. Points represent aggregate zones, not affected premises or feeders. Residual imbalance is not located. Episode times are illustrative, not a real outage forecast.",https://www.geonames.org/advanced-search.html?continentCode=&country=GH&fclass=P&q=
qmix,0,Ashanti,Kumasi,6.688,-1.624,158,159,7,14,0.25,partial zone shedding,"Simulated controlled shedding only. Points represent aggregate zones, not affected premises or feeders. Residual imbalance is not located. Episode times are illustrative, not a real outage forecast.",https://www.geonames.org/advanced-search.html?continentCode=&country=GH&fclass=P&q=
qmix,0,Western,Sekondi-Takoradi,4.927,-1.758,158,159,7,14,0.25,partial zone shedding,"Simulated controlled shedding only. Points represent aggregate zones, not affected premises or feeders. Residual imbalance is not located. Episode times are illustrative, not a real outage forecast.",https://www.geonames.org/advanced-search.html?continentCode=&country=GH&fclass=P&q=
qmix,0,Volta,Ho,6.601,0.471,158,159,7,14,0.0,no controlled shedding,"Simulated controlled shedding only. Points represent aggregate zones, not affected premises or feeders. Residual imbalance is not located. Episode times are illustrative, not a real outage forecast.",https://www.geonames.org/advanced-search.html?continentCode=&country=GH&fclass=P&q=
qmix,0,Northern,Tamale,9.401,-0.839,158,159,7,14,0.0,no controlled shedding,"Simulated controlled shedding only. Points represent aggregate zones, not affected premises or feeders. Residual imbalance is not located. Episode times are illustrative, not a real outage forecast.",https://www.geonames.org/advanced-search.html?continentCode=&country=GH&fclass=P&q=
qmix,0,Greater Accra,Accra,5.556,-0.197,159,160,7,15,0.0,no controlled shedding,"Simulated controlled shedding only. Points represent aggregate zones, not affected premises or feeders. Residual imbalance is not located. Episode times are illustrative, not a real outage forecast.",https://www.geonames.org/advanced-search.html?continentCode=&country=GH&fclass=P&q=
qmix,0,Ashanti,Kumasi,6.688,-1.624,159,160,7,15,0.25,partial zone shedding,"Simulated controlled shedding only. Points represent aggregate zones, not affected premises or feeders. Residual imbalance is not located. Episode times are illustrative, not a real outage forecast.",https://www.geonames.org/advanced-search.html?continentCode=&country=GH&fclass=P&q=
qmix,0,Western,Sekondi-Takoradi,4.927,-1.758,159,160,7,15,0.25,partial zone shedding,"Simulated controlled shedding only. Points represent aggregate zones, not affected premises or feeders. Residual imbalance is not located. Episode times are illustrative, not a real outage forecast.",https://www.geonames.org/advanced-search.html?continentCode=&country=GH&fclass=P&q=
qmix,0,Volta,Ho,6.601,0.471,159,160,7,15,0.0,no controlled shedding,"Simulated controlled shedding only. Points represent aggregate zones, not affected premises or feeders. Residual imbalance is not located. Episode times are illustrative, not a real outage forecast.",https://www.geonames.org/advanced-search.html?continentCode=&country=GH&fclass=P&q=
qmix,0,Northern,Tamale,9.401,-0.839,159,160,7,15,0.0,no controlled shedding,"Simulated controlled shedding only. Points represent aggregate zones, not affected premises or feeders. Residual imbalance is not located. Episode times are illustrative, not a real outage forecast.",https://www.geonames.org/advanced-search.html?continentCode=&country=GH&fclass=P&q=
qmix,0,Greater Accra,Accra,5.556,-0.197,160,161,7,16,0.0,no controlled shedding,"Simulated controlled shedding only. Points represent aggregate zones, not affected premises or feeders. Residual imbalance is not located. Episode times are illustrative, not a real outage forecast.",https://www.geonames.org/advanced-search.html?continentCode=&country=GH&fclass=P&q=
qmix,0,Ashanti,Kumasi,6.688,-1.624,160,161,7,16,0.25,partial zone shedding,"Simulated controlled shedding only. Points represent aggregate zones, not affected premises or feeders. Residual imbalance is not located. Episode times are illustrative, not a real outage forecast.",https://www.geonames.org/advanced-search.html?continentCode=&country=GH&fclass=P&q=
qmix,0,Western,Sekondi-Takoradi,4.927,-1.758,160,161,7,16,0.25,partial zone shedding,"Simulated controlled shedding only. Points represent aggregate zones, not affected premises or feeders. Residual imbalance is not located. Episode times are illustrative, not a real outage forecast.",https://www.geonames.org/advanced-search.html?continentCode=&country=GH&fclass=P&q=
qmix,0,Volta,Ho,6.601,0.471,160,161,7,16,0.5,partial zone shedding,"Simulated controlled shedding only. Points represent aggregate zones, not affected premises or feeders. Residual imbalance is not located. Episode times are illustrative, not a real outage forecast.",https://www.geonames.org/advanced-search.html?continentCode=&country=GH&fclass=P&q=
qmix,0,Northern,Tamale,9.401,-0.839,160,161,7,16,0.5,partial zone shedding,"Simulated controlled shedding only. Points represent aggregate zones, not affected premises or feeders. Residual imbalance is not located. Episode times are illustrative, not a real outage forecast.",https://www.geonames.org/advanced-search.html?continentCode=&country=GH&fclass=P&q=
qmix,0,Greater Accra,Accra,5.556,-0.197,161,162,7,17,0.0,no controlled shedding,"Simulated controlled shedding only. Points represent aggregate zones, not affected premises or feeders. Residual imbalance is not located. Episode times are illustrative, not a real outage forecast.",https://www.geonames.org/advanced-search.html?continentCode=&country=GH&fclass=P&q=
qmix,0,Ashanti,Kumasi,6.688,-1.624,161,162,7,17,0.25,partial zone shedding,"Simulated controlled shedding only. Points represent aggregate zones, not affected premises or feeders. Residual imbalance is not located. Episode times are illustrative, not a real outage forecast.",https://www.geonames.org/advanced-search.html?continentCode=&country=GH&fclass=P&q=
qmix,0,Western,Sekondi-Takoradi,4.927,-1.758,161,162,7,17,0.25,partial zone shedding,"Simulated controlled shedding only. Points represent aggregate zones, not affected premises or feeders. Residual imbalance is not located. Episode times are illustrative, not a real outage forecast.",https://www.geonames.org/advanced-search.html?continentCode=&country=GH&fclass=P&q=
qmix,0,Volta,Ho,6.601,0.471,161,162,7,17,0.5,partial zone shedding,"Simulated controlled shedding only. Points represent aggregate zones, not affected premises or feeders. Residual imbalance is not located. Episode times are illustrative, not a real outage forecast.",https://www.geonames.org/advanced-search.html?continentCode=&country=GH&fclass=P&q=
qmix,0,Northern,Tamale,9.401,-0.839,161,162,7,17,0.5,partial zone shedding,"Simulated controlled shedding only. Points represent aggregate zones, not affected premises or feeders. Residual imbalance is not located. Episode times are illustrative, not a real outage forecast.",https://www.geonames.org/advanced-search.html?continentCode=&country=GH&fclass=P&q=
qmix,0,Greater Accra,Accra,5.556,-0.197,162,163,7,18,0.0,no controlled shedding,"Simulated controlled shedding only. Points represent aggregate zones, not affected premises or feeders. Residual imbalance is not located. Episode times are illustrative, not a real outage forecast.",https://www.geonames.org/advanced-search.html?continentCode=&country=GH&fclass=P&q=
qmix,0,Ashanti,Kumasi,6.688,-1.624,162,163,7,18,0.25,partial zone shedding,"Simulated controlled shedding only. Points represent aggregate zones, not affected premises or feeders. Residual imbalance is not located. Episode times are illustrative, not a real outage forecast.",https://www.geonames.org/advanced-search.html?continentCode=&country=GH&fclass=P&q=
qmix,0,Western,Sekondi-Takoradi,4.927,-1.758,162,163,7,18,0.25,partial zone shedding,"Simulated controlled shedding only. Points represent aggregate zones, not affected premises or feeders. Residual imbalance is not located. Episode times are illustrative, not a real outage forecast.",https://www.geonames.org/advanced-search.html?continentCode=&country=GH&fclass=P&q=
qmix,0,Volta,Ho,6.601,0.471,162,163,7,18,0.5,partial zone shedding,"Simulated controlled shedding only. Points represent aggregate zones, not affected premises or feeders. Residual imbalance is not located. Episode times are illustrative, not a real outage forecast.",https://www.geonames.org/advanced-search.html?continentCode=&country=GH&fclass=P&q=
qmix,0,Northern,Tamale,9.401,-0.839,162,163,7,18,0.5,partial zone shedding,"Simulated controlled shedding only. Points represent aggregate zones, not affected premises or feeders. Residual imbalance is not located. Episode times are illustrative, not a real outage forecast.",https://www.geonames.org/advanced-search.html?continentCode=&country=GH&fclass=P&q=
qmix,0,Greater Accra,Accra,5.556,-0.197,163,164,7,19,0.25,partial zone shedding,"Simulated controlled shedding only. Points represent aggregate zones, not affected premises or feeders. Residual imbalance is not located. Episode times are illustrative, not a real outage forecast.",https://www.geonames.org/advanced-search.html?continentCode=&country=GH&fclass=P&q=
qmix,0,Ashanti,Kumasi,6.688,-1.624,163,164,7,19,0.25,partial zone shedding,"Simulated controlled shedding only. Points represent aggregate zones, not affected premises or feeders. Residual imbalance is not located. Episode times are illustrative, not a real outage forecast.",https://www.geonames.org/advanced-search.html?continentCode=&country=GH&fclass=P&q=
qmix,0,Western,Sekondi-Takoradi,4.927,-1.758,163,164,7,19,0.25,partial zone shedding,"Simulated controlled shedding only. Points represent aggregate zones, not affected premises or feeders. Residual imbalance is not located. Episode times are illustrative, not a real outage forecast.",https://www.geonames.org/advanced-search.html?continentCode=&country=GH&fclass=P&q=
qmix,0,Volta,Ho,6.601,0.471,163,164,7,19,0.5,partial zone shedding,"Simulated controlled shedding only. Points represent aggregate zones, not affected premises or feeders. Residual imbalance is not located. Episode times are illustrative, not a real outage forecast.",https://www.geonames.org/advanced-search.html?continentCode=&country=GH&fclass=P&q=
qmix,0,Northern,Tamale,9.401,-0.839,163,164,7,19,0.5,partial zone shedding,"Simulated controlled shedding only. Points represent aggregate zones, not affected premises or feeders. Residual imbalance is not located. Episode times are illustrative, not a real outage forecast.",https://www.geonames.org/advanced-search.html?continentCode=&country=GH&fclass=P&q=
qmix,0,Greater Accra,Accra,5.556,-0.197,164,165,7,20,0.25,partial zone shedding,"Simulated controlled shedding only. Points represent aggregate zones, not affected premises or feeders. Residual imbalance is not located. Episode times are illustrative, not a real outage forecast.",https://www.geonames.org/advanced-search.html?continentCode=&country=GH&fclass=P&q=
qmix,0,Ashanti,Kumasi,6.688,-1.624,164,165,7,20,0.25,partial zone shedding,"Simulated controlled shedding only. Points represent aggregate zones, not affected premises or feeders. Residual imbalance is not located. Episode times are illustrative, not a real outage forecast.",https://www.geonames.org/advanced-search.html?continentCode=&country=GH&fclass=P&q=
qmix,0,Western,Sekondi-Takoradi,4.927,-1.758,164,165,7,20,0.25,partial zone shedding,"Simulated controlled shedding only. Points represent aggregate zones, not affected premises or feeders. Residual imbalance is not located. Episode times are illustrative, not a real outage forecast.",https://www.geonames.org/advanced-search.html?continentCode=&country=GH&fclass=P&q=
qmix,0,Volta,Ho,6.601,0.471,164,165,7,20,0.5,partial zone shedding,"Simulated controlled shedding only. Points represent aggregate zones, not affected premises or feeders. Residual imbalance is not located. Episode times are illustrative, not a real outage forecast.",https://www.geonames.org/advanced-search.html?continentCode=&country=GH&fclass=P&q=
qmix,0,Northern,Tamale,9.401,-0.839,164,165,7,20,0.5,partial zone shedding,"Simulated controlled shedding only. Points represent aggregate zones, not affected premises or feeders. Residual imbalance is not located. Episode times are illustrative, not a real outage forecast.",https://www.geonames.org/advanced-search.html?continentCode=&country=GH&fclass=P&q=
qmix,0,Greater Accra,Accra,5.556,-0.197,165,166,7,21,0.0,no controlled shedding,"Simulated controlled shedding only. Points represent aggregate zones, not affected premises or feeders. Residual imbalance is not located. Episode times are illustrative, not a real outage forecast.",https://www.geonames.org/advanced-search.html?continentCode=&country=GH&fclass=P&q=
qmix,0,Ashanti,Kumasi,6.688,-1.624,165,166,7,21,0.25,partial zone shedding,"Simulated controlled shedding only. Points represent aggregate zones, not affected premises or feeders. Residual imbalance is not located. Episode times are illustrative, not a real outage forecast.",https://www.geonames.org/advanced-search.html?continentCode=&country=GH&fclass=P&q=
qmix,0,Western,Sekondi-Takoradi,4.927,-1.758,165,166,7,21,0.25,partial zone shedding,"Simulated controlled shedding only. Points represent aggregate zones, not affected premises or feeders. Residual imbalance is not located. Episode times are illustrative, not a real outage forecast.",https://www.geonames.org/advanced-search.html?continentCode=&country=GH&fclass=P&q=
qmix,0,Volta,Ho,6.601,0.471,165,166,7,21,0.5,partial zone shedding,"Simulated controlled shedding only. Points represent aggregate zones, not affected premises or feeders. Residual imbalance is not located. Episode times are illustrative, not a real outage forecast.",https://www.geonames.org/advanced-search.html?continentCode=&country=GH&fclass=P&q=
qmix,0,Northern,Tamale,9.401,-0.839,165,166,7,21,0.5,partial zone shedding,"Simulated controlled shedding only. Points represent aggregate zones, not affected premises or feeders. Residual imbalance is not located. Episode times are illustrative, not a real outage forecast.",https://www.geonames.org/advanced-search.html?continentCode=&country=GH&fclass=P&q=
qmix,0,Greater Accra,Accra,5.556,-0.197,166,167,7,22,0.0,no controlled shedding,"Simulated controlled shedding only. Points represent aggregate zones, not affected premises or feeders. Residual imbalance is not located. Episode times are illustrative, not a real outage forecast.",https://www.geonames.org/advanced-search.html?continentCode=&country=GH&fclass=P&q=
qmix,0,Ashanti,Kumasi,6.688,-1.624,166,167,7,22,0.25,partial zone shedding,"Simulated controlled shedding only. Points represent aggregate zones, not affected premises or feeders. Residual imbalance is not located. Episode times are illustrative, not a real outage forecast.",https://www.geonames.org/advanced-search.html?continentCode=&country=GH&fclass=P&q=
qmix,0,Western,Sekondi-Takoradi,4.927,-1.758,166,167,7,22,0.25,partial zone shedding,"Simulated controlled shedding only. Points represent aggregate zones, not affected premises or feeders. Residual imbalance is not located. Episode times are illustrative, not a real outage forecast.",https://www.geonames.org/advanced-search.html?continentCode=&country=GH&fclass=P&q=
qmix,0,Volta,Ho,6.601,0.471,166,167,7,22,0.25,partial zone shedding,"Simulated controlled shedding only. Points represent aggregate zones, not affected premises or feeders. Residual imbalance is not located. Episode times are illustrative, not a real outage forecast.",https://www.geonames.org/advanced-search.html?continentCode=&country=GH&fclass=P&q=
qmix,0,Northern,Tamale,9.401,-0.839,166,167,7,22,0.5,partial zone shedding,"Simulated controlled shedding only. Points represent aggregate zones, not affected premises or feeders. Residual imbalance is not located. Episode times are illustrative, not a real outage forecast.",https://www.geonames.org/advanced-search.html?continentCode=&country=GH&fclass=P&q=
qmix,0,Greater Accra,Accra,5.556,-0.197,167,168,7,23,0.0,no controlled shedding,"Simulated controlled shedding only. Points represent aggregate zones, not affected premises or feeders. Residual imbalance is not located. Episode times are illustrative, not a real outage forecast.",https://www.geonames.org/advanced-search.html?continentCode=&country=GH&fclass=P&q=
qmix,0,Ashanti,Kumasi,6.688,-1.624,167,168,7,23,0.25,partial zone shedding,"Simulated controlled shedding only. Points represent aggregate zones, not affected premises or feeders. Residual imbalance is not located. Episode times are illustrative, not a real outage forecast.",https://www.geonames.org/advanced-search.html?continentCode=&country=GH&fclass=P&q=
qmix,0,Western,Sekondi-Takoradi,4.927,-1.758,167,168,7,23,0.25,partial zone shedding,"Simulated controlled shedding only. Points represent aggregate zones, not affected premises or feeders. Residual imbalance is not located. Episode times are illustrative, not a real outage forecast.",https://www.geonames.org/advanced-search.html?continentCode=&country=GH&fclass=P&q=
qmix,0,Volta,Ho,6.601,0.471,167,168,7,23,0.25,partial zone shedding,"Simulated controlled shedding only. Points represent aggregate zones, not affected premises or feeders. Residual imbalance is not located. Episode times are illustrative, not a real outage forecast.",https://www.geonames.org/advanced-search.html?continentCode=&country=GH&fclass=P&q=
qmix,0,Northern,Tamale,9.401,-0.839,167,168,7,23,0.5,partial zone shedding,"Simulated controlled shedding only. Points represent aggregate zones, not affected premises or feeders. Residual imbalance is not located. Episode times are illustrative, not a real outage forecast.",https://www.geonames.org/advanced-search.html?continentCode=&country=GH&fclass=P&q=
